index,pred_x,pred_y,true_x,true_y,l2_error
0,-0.09269083,-0.9941115,-0.0928685699501813,-0.995678376141316,0.0015769461657201716
1,-0.08314518,-0.99767536,-0.0840897512196218,-0.996458184641896,0.0015406917204541003
2,-0.07472517,-0.99491584,-0.075291308848786,-0.997161581094978,0.0023159984622944615
3,-0.0669826,-0.9961222,-0.0664752464338766,-0.997788074498566,0.00174143747383358
4,-0.058622554,-0.99892765,-0.0576435880268121,-0.998337225970962,0.0011432314511694312
5,-0.05022855,-1.0002642,-0.0487983758617305,-0.998808649598739,0.002040572028819885
6,-0.041423284,-1.000267,-0.0399416680323463,-0.999202013185919,0.001824676059462561
7,-0.032563545,-0.99971515,-0.0310755361262191,-0.999517038901523,0.001501138772102969
8,-0.022935098,-0.9999437,-0.0222020628221969,-0.999753503823037,0.0007573012441939542
9,-0.013144614,-1.0002761,-0.0133233394574794,-0.999911240373715,0.0004062721236525259
10,-0.0037880596,-1.0002785,-0.0044414635708954,-0.999990136652031,0.000714195051022219
11,0.00513612,-0.99995095,0.0044414635708954,-0.999990136652031,0.0006957612344962447
12,0.013628891,-0.9992932,0.0133233394574797,-0.999911240373715,0.0006894385025568447
13,0.021699987,-0.9983893,0.0222020628221969,-0.999753503823037,0.0014536580741659375
14,0.02960262,-0.9979199,0.0310755361262194,-0.999517038901523,0.002172620015389223
15,0.03855993,-0.9983666,0.0399416680323469,-0.999202013185919,0.0016146605603702406
16,0.047539048,-0.99897784,0.0487983758617308,-0.998808649598739,0.0012706424740891976
17,0.056762084,-0.9995363,0.0576435880268126,-0.998337225970962,0.0014882101165931464
18,0.066576675,-0.9991187,0.0664752464338769,-0.997788074498566,0.0013344713926515073
19,0.075559415,-0.9994601,0.0752913088487866,-0.997161581094978,0.002314103542975108
20,0.08230174,-0.99723077,0.084089751219622,-0.996458184641896,0.0019477827339012886
21,0.09303483,-0.99485874,0.0928685699501816,-0.995678376141316,0.0008363277724879958
22,-0.16178435,-0.98148525,-0.162985039419788,-0.986628540498059,0.00528158259430677
23,-0.15289783,-0.98902076,-0.154390886211377,-0.988009845221628,0.0018030976216523973
24,-0.14455175,-0.9869204,-0.145761545149058,-0.989319752130604,0.0026870814638023472
25,-0.13598071,-0.9884613,-0.137098806479517,-0.990557377067019,0.002375628845489385
26,-0.12784524,-0.99064267,-0.128404497594468,-0.991721878853901,0.0012155100773852327
27,-0.123007126,-0.992731,-0.119680481297717,-0.992812460838575,0.003327642695246327
28,-0.110417984,-0.99467295,-0.110928653982079,-0.993828372369055,0.0009869658890514289
29,-0.10569404,-0.9972464,-0.102150943719786,-0.994768910198322,0.004323356961137527
30,-0.09349461,-0.9953768,-0.093349308270428,-0.995633419811445,0.0002948779884497092
31,0.0901046,-0.9980104,0.0933493082704282,-0.995633419811445,0.004022205531093493
32,0.10325135,-0.9968758,0.102150943719786,-0.994768910198322,0.002376968659950475
33,0.11070242,-0.9962839,0.110928653982079,-0.993828372369055,0.002465916429953518
34,0.11955899,-0.99318975,0.119680481297717,-0.992812460838575,0.0003963695654223926
35,0.12796722,-0.9906005,0.128404497594469,-0.991721878853901,0.0012035946527981193
36,0.13453111,-0.98843753,0.137098806479517,-0.990557377067019,0.0033296846363423407
37,0.14572239,-0.9901028,0.145761545149058,-0.989319752130604,0.0007840537593513645
38,0.15328024,-0.98736453,0.154390886211377,-0.988009845221628,0.0012845071952477102
39,0.16266899,-0.9824325,0.162985039419788,-0.986628540498059,0.004207941694731594
40,-0.20294516,-0.9792941,-0.206400364289499,-0.978467623184928,0.003552682137614196
41,-0.19693996,-0.97821426,-0.197968927141914,-0.980208296172951,0.0022438667004852047
42,-0.18747541,-0.9802591,-0.189493318115432,-0.981882010421621,0.002589539057293667
43,-0.17948261,-0.9838892,-0.180975138857909,-0.983487671054071,0.001545602974631207
44,-0.17446241,-0.9860131,-0.172416036450472,-0.985024218166594,0.0022727850043995014
45,-0.16590577,-0.9860844,-0.163817702144527,-0.986490628675249,0.0021272195465976414
46,0.16234133,-0.9888912,0.163817702144527,-0.986490628675249,0.0028182179774887163
47,0.17327875,-0.9850864,0.172416036450472,-0.985024218166594,0.0008649492449288213
48,0.18134141,-0.9844572,0.180975138857909,-0.983487671054071,0.0010364027312665077
49,0.18771246,-0.9823829,0.189493318115432,-0.981882010421621,0.0018499559060153878
50,0.19933265,-0.98039716,0.197968927141914,-0.980208296172951,0.0013767438427816892
51,0.20479949,-0.97526383,0.206400364289499,-0.978467623184928,0.0035814898352340314
52,-0.2387726,-0.9685799,-0.24084550057332,-0.970563467710168,0.0028690591145944066
53,-0.23164967,-0.9719068,-0.232569628692371,-0.97257974881749,0.0011398310791162032
54,-0.22427636,-0.9763674,-0.224242928882314,-0.974533277444276,0.001834441275555952
55,-0.2192983,-0.9764037,-0.215866826056755,-0.976422814874879,0.003431530235707837
56,-0.20970088,-0.9778671,-0.207442795697554,-0.978247150015364,0.0022898413945248255
57,0.20779307,-0.9801781,0.207442795697555,-0.978247150015364,0.001962480520775918
58,0.2175862,-0.97545856,0.215866826056756,-0.976422814874879,0.00197130535571125
59,0.22465508,-0.9765775,0.224242928882314,-0.974533277444276,0.0020853764883105664
60,0.23194385,-0.97371906,0.232569628692372,-0.97257974881749,0.0012998596932778982
61,0.23929109,-0.9680534,0.24084550057332,-0.970563467710168,0.0029523955556962655
62,-0.27319705,-0.96166945,-0.274755260849639,-0.961514194713446,0.001565920994206688
63,-0.26605543,-0.96397495,-0.266662533881772,-0.963789963126693,0.0006346575956967365
64,-0.25670403,-0.968557,-0.258513008295989,-0.966007776646626,0.0031258493626746776
65,-0.2512675,-0.96843374,-0.25030791141925,-0.968166281937629,0.0009961571086239
66,-0.24550033,-0.9722928,-0.242048524595345,-0.970264145344564,0.004003785226313584
67,0.2451763,-0.9713034,0.242048524595345,-0.970264145344564,0.003295912435678711
68,0.24980196,-0.9673121,0.25030791141925,-0.968166281937629,0.0009927810420643202
69,0.25796998,-0.96781206,0.25851300829599,-0.966007776646626,0.0018842313537075306
70,0.26486447,-0.9655093,0.266662533881772,-0.963789963126693,0.002487794424617824
71,0.27185157,-0.95986766,0.27475526084964,-0.961514194713446,0.0033380402824143424
72,-0.2991446,-0.95236015,-0.30013101301771,-0.953897989842186,0.0018270085795228557
73,-0.29489306,-0.9573711,-0.292184362783639,-0.956362012077393,0.0028905552867732657
74,-0.2848092,-0.95551676,-0.284176728801398,-0.958771915946508,0.003316035478827826
75,-0.27716544,-0.9614357,-0.276109182381529,-0.961126276513447,0.0011006423938047158
76,0.28018403,-0.9616558,0.276109182381529,-0.961126276513447,0.004109109136042262
77,0.28450257,-0.9577221,0.284176728801398,-0.958771915946507,0.0010991932053542712
78,0.29096496,-0.9556451,0.292184362783639,-0.956362012077393,0.001414540881337581
79,0.29867724,-0.9528012,0.30013101301771,-0.953897989842186,0.0018210863680646033
80,-0.32367754,-0.9435619,-0.325147279887279,-0.945663389574696,0.002564438651865613
81,-0.31697872,-0.949509,-0.317360697161468,-0.948304902390147,0.001263255615135553
82,-0.31209517,-0.95046353,-0.309509391300451,-0.950896385889033,0.0026217528884369314
83,-0.3043689,-0.95595944,-0.301594270788989,-0.953436361708142,0.003750274761220541
84,0.30277243,-0.95166314,0.301594270788989,-0.953436361708142,0.0021289417262708023
85,0.3081447,-0.9519575,0.309509391300451,-0.950896385889033,0.0017287067877382776
86,0.3155848,-0.94756466,0.317360697161469,-0.948304902390147,0.0019239898119590346
87,0.32518005,-0.94521844,0.325147279887279,-0.945663389574696,0.0004461510990237652
88,-0.34488413,-0.9369804,-0.349758023916909,-0.936840074241991,0.004875916956930493
89,-0.33960804,-0.94058317,-0.342144241989658,-0.939647443285684,0.0027033103034106282
90,-0.33614942,-0.9422093,-0.334462468497306,-0.942409071033746,0.0016987427836550897
91,-0.32967535,-0.94657236,-0.326713445265266,-0.945123444150498,0.0032973059483636085
92,0.3277661,-0.94280404,0.326713445265266,-0.945123444150498,0.002547097313480786
93,0.332094,-0.94451845,0.334462468497306,-0.942409071033746,0.0031715997239532283
94,0.3402883,-0.93859285,0.342144241989659,-0.939647443285684,0.002134629589322002
95,0.34799942,-0.9391293,0.349758023916909,-0.936840074241991,0.002886727721076862
96,-0.37076348,-0.9268463,-0.373920701313996,-0.927460677942116,0.003216437670198314
97,-0.36578137,-0.92832386,-0.366491106210302,-0.930421554494923,0.002214504792733568
98,-0.3583441,-0.9321443,-0.358990738445888,-0.933341121835996,0.0013603497041835807
99,-0.35043424,-0.9383344,-0.35142017228539,-0.93621784992111,0.0023349223554640468
100,0.35080856,-0.93497324,0.35142017228539,-0.93621784992111,0.001386766980421244
101,0.35678548,-0.9337595,0.358990738445889,-0.933341121835996,0.0022446003269021367
102,0.36386278,-0.93016595,0.366491106210303,-0.930421554494923,0.002640723355863553
103,0.37340468,-0.92691195,0.373920701313996,-0.927460677942116,0.0007532453067985023
104,-0.38471594,-0.9192999,-0.390361139642771,-0.9206618166606,0.005807154502788781
105,-0.38115996,-0.9227001,-0.383052647607045,-0.923726512102599,0.002153083598075945
106,-0.3841289,-0.9283796,-0.375671505339818,-0.926752890513817,0.00861241345201418
107,0.37815553,-0.92612964,0.375671505339818,-0.926752890513817,0.002561018994028134
108,0.3813392,-0.9242514,0.383052647607046,-0.923726512102599,0.001792041448000576
109,0.3905774,-0.922892,0.390361139642771,-0.9206618166606,0.002240619281704234
110,-0.40671518,-0.9116234,-0.406610597750465,-0.913601566218562,0.001980910760796274
111,-0.39702192,-0.9142721,-0.399428398597359,-0.916764394156945,0.003464465996636494
112,-0.39187443,-0.9240083,-0.392171893681415,-0.919891953332745,0.004127090260806202
113,0.39129657,-0.9193898,0.392171893681415,-0.919891953332745,0.0010091447216141033
114,0.3998464,-0.91851264,0.399428398597359,-0.916764394156944,0.001797526366911058
115,0.4077137,-0.9137958,0.406610597750465,-0.913601566218562,0.0011200881111830732
116,-0.4259877,-0.90004396,-0.429631154021011,-0.903004469255039,0.004694615441615889
117,-0.41864747,-0.90510184,-0.422655941475959,-0.90629021573394,0.004180921659721957
118,-0.41394067,-0.90902615,-0.415604804194366,-0.909545296689815,0.0017432344726120493
119,-0.41265473,-0.9122734,-0.408477930571226,-0.91276819633259,0.004206001751548009
120,0.41039887,-0.91223615,0.408477930571226,-0.912768196332589,0.0019932586291469974
121,0.4130988,-0.9121615,0.415604804194366,-0.909545296689814,0.0036227983931349473
122,0.42126238,-0.9071204,0.422655941475959,-0.90629021573394,0.0016221038379425283
123,0.43353233,-0.8969238,0.429631154021012,-0.903004469255039,0.0072245366833063466
124,-0.44210747,-0.8941005,-0.445323513321534,-0.895369738422606,0.0034574471318121525
125,-0.43480465,-0.89782983,-0.438484795215628,-0.898738607362958,0.003790693533447232
126,-0.43423396,-0.9043822,-0.431569054982397,-0.902079902659183,0.003521710272920721
127,0.43275014,-0.90356547,0.431569054982397,-0.902079902659183,0.0018978543693370063
128,0.43891317,-0.89838296,0.438484795215628,-0.898738607362958,0.0005567636652627184
129,0.44555995,-0.8932033,0.445323513321534,-0.895369738422606,0.002179283967663169
130,-0.4586996,-0.8860606,-0.46078413643686,-0.887512241948322,0.0025401795130606058
131,-0.45199415,-0.8894984,-0.454085582348757,-0.890958070788401,0.0025504289053920807
132,-0.44860885,-0.89747185,-0.447309131200223,-0.894379416771709,0.003354455315540189
133,0.44741023,-0.8942504,0.447309131200223,-0.894379416771709,0.00016391243944079538
134,0.45520818,-0.8908905,0.454085582348757,-0.890958070788401,0.0011246329920797042
135,0.4628761,-0.8835282,0.460784136436861,-0.887512241948322,0.004499907146127386
136,-0.46859556,-0.88142306,-0.469447558459054,-0.882960355767366,0.001757607500010077
137,-0.4632545,-0.8884571,-0.462813839593966,-0.886455497969464,0.0020495561014654893
138,0.46240246,-0.8849878,0.462813839593966,-0.886455497969464,0.0015242872735164936
139,0.47147173,-0.8819328,0.469447558459054,-0.882960355767366,0.0022700526176813196
140,-0.48378226,-0.8749018,-0.484560837258368,-0.874757563554308,0.0007918181513964702
141,-0.47762662,-0.87887985,-0.478072842892854,-0.878320190413692,0.0007157700382071912
142,-0.47172996,-0.87910783,-0.471505635944606,-0.881863047911904,0.0027643322518679458
143,0.47839502,-0.8735975,0.471505635944606,-0.881863047911903,0.010760240763911553
144,0.4784176,-0.8769841,0.478072842892855,-0.878320190413692,0.0013798357636999592
145,0.48172703,-0.8744565,0.484560837258368,-0.874757563554308,0.002849748416860228
146,-0.49641314,-0.86757046,-0.49941640923043,-0.86636207799706,0.00323725250967065
147,-0.4947389,-0.86959904,-0.49307668187685,-0.869985853786897,0.0017066378246574682
148,-0.48990896,-0.87357473,-0.486657419097546,-0.873592900862476,0.003251595095875176
149,0.4875545,-0.8772123,0.486657419097546,-0.873592900862476,0.0037288987598223153
150,0.49316448,-0.86996025,0.49307668187685,-0.869985853786897,9.145543011106444e-05
151,0.49595553,-0.86638415,0.49941640923043,-0.86636207799706,0.0034609527748240007
152,-0.5131862,-0.85890555,-0.514006153118001,-0.857786497070707,0.0013872938763844682
153,-0.50403243,-0.8603448,-0.507816790115871,-0.861465093707466,0.003946689199088815
154,-0.5015872,-0.8647457,-0.501547776008049,-0.865129948840855,0.00038629059363305
155,0.49805284,-0.8689734,0.501547776008049,-0.865129948840855,0.005194856030370759
156,0.505099,-0.86294115,0.507816790115871,-0.861465093707466,0.0030927529936879425
157,0.5137372,-0.8542537,0.514006153118001,-0.857786497070707,0.003543010610804973
158,-0.5223536,-0.8526237,-0.522285501563333,-0.85277069300999,0.0001619956627647235
159,-0.5130444,-0.85621566,-0.516168595121564,-0.856487000140826,0.0031359396170197347
160,0.5140248,-0.8545382,0.516168595121564,-0.856487000140826,0.002897187583258868
161,0.52343714,-0.849961,0.522285501563333,-0.852770693009989,0.0030365684611493673
162,-0.5318163,-0.84442294,-0.536476051280178,-0.843915544591298,0.004687290658677267
163,-0.53156143,-0.8476076,-0.530512675313148,-0.847677002951057,0.0010510520286021708
164,-0.52927977,-0.84926903,-0.52446947986651,-0.851429248198905,0.005273083384408573
165,0.53021353,-0.8496419,0.52446947986651,-0.851429248198905,0.006015705496906715
166,0.5285795,-0.8504469,0.530512675313148,-0.847677002951057,0.003377793270647412
167,0.5319116,-0.84418446,0.536476051280178,-0.843915544591298,0.0045723543766205315
168,-0.5485232,-0.8337712,-0.550382569647782,-0.834912586459148,0.0021817421454132257
169,-0.54297096,-0.8371595,-0.544573722790486,-0.838712978584516,0.002232065027352818
170,-0.5379737,-0.8441978,-0.538685438744306,-0.842506972128335,0.0018345301686616279
171,0.5368008,-0.84298056,0.538685438744306,-0.842506972128335,0.001943230687726501
172,0.5397443,-0.840182,0.544573722790486,-0.838712978584516,0.005047890426425094
173,0.54960877,-0.83324975,0.550382569647782,-0.834912586459148,0.0018340673513842975
174,-0.555305,-0.83059686,-0.558346341632134,-0.829607957282241,0.0031980729825813775
175,-0.5511658,-0.83210623,-0.552613733942406,-0.83343749679159,0.0019669065627684916
176,0.55108136,-0.8354427,0.552613733942406,-0.83343749679159,0.0025237074492593724
177,0.55486816,-0.82973313,0.558346341632135,-0.82960795728224,0.0034804317017575487
178,-0.568832,-0.8161739,-0.571826018431666,-0.820374917123011,0.005158751439318195
179,-0.5666219,-0.8222322,-0.566249447740561,-0.824233924886321,0.0020360932641450774
180,-0.56018806,-0.82741374,-0.560594017350567,-0.828090784703436,0.0007894288718169557
181,0.562316,-0.82728666,0.560594017350567,-0.828090784703436,0.0019004844892218716
182,0.56330675,-0.82506156,0.566249447740561,-0.824233924886321,0.0030568702961033703
183,0.5694989,-0.81944144,0.571826018431666,-0.820374917123011,0.0025073651147041235
184,-0.57908756,-0.8127884,-0.579588542040578,-0.814909272210887,0.00217921374347867
185,-0.569806,-0.81971544,-0.574089943281618,-0.818792242893708,0.004382309565103583
186,0.57290715,-0.8210512,0.574089943281618,-0.818792242893708,0.002549862531308955
187,0.5797892,-0.81286114,0.579588542040578,-0.814909272210887,0.0020579356416251687
188,-0.5844954,-0.8085405,-0.587285822374608,-0.80937961602562,0.0029138279418044633
189,-0.57831573,-0.81334955,-0.581865942978817,-0.813284713001156,0.0035508000298449913
190,0.5824596,-0.81346935,0.581865942978817,-0.813284713001156,0.0006217343014326095
191,0.58488303,-0.8092612,0.587285822374608,-0.80937961602562,0.0024057041714328612
192,-0.5994186,-0.80262583,-0.600178941162188,-0.799865762853639,0.0028628912344038256
193,-0.5967128,-0.8007778,-0.594916102444469,-0.803787802253979,0.0035054782423757655
194,-0.5913025,-0.80597454,-0.589575623129287,-0.807713182145564,0.0024505138424540406
195,0.59084326,-0.8110191,0.589575623129287,-0.807713182145564,0.00354064206870783
196,0.59432065,-0.8036161,0.59491610244447,-0.803787802253979,0.0006197073853707674
197,0.6012275,-0.79959106,0.600178941162188,-0.799865762853639,0.001083965298026907
198,-0.605262,-0.7908763,-0.607660794370779,-0.794196675254105,0.004096218116921264
199,-0.5983245,-0.7980156,-0.602477689071965,-0.798135724153796,0.004154948383067044
200,0.6013012,-0.79898846,0.602477689071965,-0.798135724153796,0.0014530324914163316
201,0.60973495,-0.7930834,0.607660794370779,-0.794196675254105,0.0023540280817610747
202,-0.6118331,-0.78762865,-0.615071832320193,-0.788471078154602,0.003346505630935241
203,-0.6078529,-0.7928332,-0.609968954580391,-0.792425311589745,0.0021550332010790534
204,0.6121015,-0.792746,0.609968954580391,-0.792425311589745,0.002156519326499939
205,0.6136994,-0.789566,0.615071832320193,-0.788471078154602,0.001755689537653759
206,-0.62364775,-0.7767517,-0.627357062606853,-0.778731735578627,0.00420470650702636
207,-0.6224132,-0.7807279,-0.622410560097136,-0.782690931772925,0.001963010655933529
208,-0.6206105,-0.78511137,-0.617388338321918,-0.786658528018416,0.0035743353642855116
209,0.6178928,-0.78942513,0.617388338321918,-0.786658528018416,0.002812222548927254
210,0.62456775,-0.78391945,0.622410560097136,-0.782690931772925,0.0024824829839732304
211,0.62336016,-0.7794146,0.627357062606853,-0.778731735578627,0.0040548181447699365
212,-0.6356927,-0.77480537,-0.634541496315125,-0.772888795011392,0.002235744642305148
213,-0.6279019,-0.7763061,-0.629675550875931,-0.776858224278467,0.0018575911921366553
214,0.630009,-0.77545905,0.629675550875931,-0.776858224278467,0.0014383569906492092
215,0.63561577,-0.76955175,0.634541496315125,-0.772888795011392,0.0035056951074322992
216,-0.6393399,-0.76376206,-0.64165058419072,-0.766997084614869,0.00397549442899793
217,-0.6346783,-0.7701431,-0.636865446975986,-0.770974968755845,0.002340002780824265
218,0.6385552,-0.76951754,0.636865446975987,-0.770974968755845,0.0022314699576246066
219,0.6462006,-0.76445204,0.64165058419072,-0.766997084614869,0.005213431716825372
220,-0.64768475,-0.75814813,-0.648683101495468,-0.761058627067731,0.0030769581019194528
221,-0.644702,-0.7635805,-0.643978960755056,-0.765043200155938,0.0016316554065595858
222,0.6482909,-0.76374656,0.643978960755056,-0.765043200155938,0.004502650354265229
223,0.6501872,-0.76268715,0.648683101495468,-0.761058627067731,0.0022168381495998022
224,-0.6559143,-0.75416344,-0.65563789348825,-0.755075461541619,0.0009529848634903624
225,-0.650384,-0.7559849,-0.65101487533856,-0.759064972244089,0.003144013810232081
226,0.6513436,-0.76067775,0.65101487533856,-0.759064972244089,0.0016459396257013765
227,0.6600284,-0.75586045,0.655637893488251,-0.755075461541619,0.004460127100129839
228,-0.659294,-0.7487307,-0.662513875873717,-0.749049640728026,0.003235622405679742
229,-0.66047955,-0.7533748,-0.657972045185935,-0.753042354555066,0.002529444253520302
230,0.657215,-0.7550929,0.657972045185936,-0.753042354555066,0.00218584826732488
231,0.66277397,-0.7504957,0.662513875873718,-0.749049640728026,0.001469235984222545
232,-0.6678543,-0.73559654,-0.673699455671712,-0.739005442082559,0.006766562531600674
233,-0.6641273,-0.7411885,-0.669310035095026,-0.742983227886804,0.005484687634828489
234,-0.6649506,-0.74480575,-0.664849396495628,-0.7469774293641,0.002174033403570352
235,0.66302896,-0.7439338,0.664849396495628,-0.7469774293641,0.0035465059210351268
236,0.6673558,-0.74122465,0.669310035095026,-0.742983227886804,0.0026290183560606505
237,0.6694725,-0.73746145,0.673699455671712,-0.739005442082559,0.0045001045674457
238,-0.68102044,-0.73134613,-0.680334445459183,-0.732901795823797,0.0017002004845156284
239,-0.6720039,-0.7357811,-0.676025428473176,-0.736878293924892,0.004168499001416011
240,0.6743017,-0.735011,0.676025428473176,-0.736878293924892,0.0025412892029648194
241,0.6775331,-0.7306519,0.680334445459183,-0.732901795823797,0.0035929869409295763
242,-0.6872937,-0.7274329,-0.686887945126642,-0.726763338948587,0.0007829205895450742
243,-0.6814171,-0.72980285,-0.682659184196109,-0.730736914513495,0.001554103151550399
244,0.6843096,-0.7269428,0.68265918419611,-0.730736914513495,0.0041375539726353095
245,0.6846932,-0.7254985,0.686887945126642,-0.726763338948587,0.0025331115760801187
246,-0.6896714,-0.72259134,-0.693359208395657,-0.72059212327984,0.004194856494312344
247,-0.6901828,-0.72349447,-0.68921050116127,-0.724561167251621,0.0014433355970867026
248,0.69329596,-0.71989584,0.68921050116127,-0.724561167251621,0.006201307901636024
249,0.69230616,-0.71822244,0.693359208395657,-0.72059212327984,0.0025931276844052766
250,-0.6955016,-0.7159675,-0.699747557983864,-0.714390198067988,0.004529431440198371
251,-0.69773597,-0.71739274,-0.695678648675798,-0.718353128883432,0.0022704389978243527
252,0.7003797,-0.71527034,0.695678648675798,-0.718353128883431,0.005621720673649743
253,0.6997792,-0.7116614,0.699747557983864,-0.714390198067987,0.0027289832494680837
254,-0.7017568,-0.7093629,-0.706052385092366,-0.708159607366433,0.0044609678284885735
255,-0.7042758,-0.711567,-0.702062966019024,-0.712114872576448,0.002279639735618944
256,0.70677036,-0.71026355,0.702062966019024,-0.712114872576448,0.0050583551432306405
257,0.70644534,-0.7055716,0.706052385092366,-0.708159607366433,0.0026176774011663646
258,-0.7081594,-0.70255196,-0.712273148767078,-0.701902387476657,0.004164730561332817
259,-0.7099694,-0.70599324,-0.708362861872309,-0.705848465267208,0.001613049110173224
260,0.7129238,-0.7047636,0.708362861872309,-0.705848465267208,0.004688212266730958
261,0.7122629,-0.6996689,0.712273148767078,-0.701902387476657,0.0022335265826693273
262,-0.7150008,-0.695289,-0.718409375139521,-0.695620564468621,0.003424653683955026
263,-0.7150328,-0.70045835,-0.714577813621682,-0.699555965080462,0.0010106046068215342
264,0.71822417,-0.69889027,0.714577813621682,-0.699555965080462,0.003706622519429737
265,0.7177422,-0.69308174,0.718409375139521,-0.695620564468621,0.0026250263935065524
266,-0.7235595,-0.68779665,-0.724460656552853,-0.689316151781611,0.001766625014512099
267,-0.71980214,-0.69476974,-0.720707366539038,-0.693239418827554,0.0017780090394933685
268,0.7221436,-0.69272745,0.720707366539038,-0.693239418827554,0.00152474743154061
269,0.72353077,-0.6865086,0.724460656552854,-0.68931615178161,0.0029575428987359325
270,-0.73044986,-0.68126136,-0.730426650579187,-0.682991147910184,0.001729942901405762
271,-0.7247165,-0.6886312,-0.726751132847968,-0.686900859589064,0.002670915924273807
272,0.7264129,-0.6860126,0.726751132847968,-0.686900859589064,0.0009504557285802234
273,0.7301555,-0.6796344,0.730426650579187,-0.682991147910184,0.0033676870637395235
274,-0.7363626,-0.6740662,-0.736307078934446,-0.676647534179371,0.002581944742436102
275,-0.7299709,-0.68132514,-0.732708790680521,-0.680542304386353,0.0028476348717849237
276,0.73224384,-0.67880166,0.732708790680521,-0.680542304386353,0.0018016771441022822
277,0.7361395,-0.6715971,0.736307078934446,-0.676647534179371,0.005053191293502619
278,-0.7321574,-0.6672652,-0.742101726297208,-0.670287272612798,0.010393387608027434
279,-0.7366712,-0.6730755,-0.738580082931429,-0.674165751946065,0.0021982843140319814
280,0.7386058,-0.6717272,0.738580082931429,-0.674165751946065,0.0024387070383128664
281,0.7386431,-0.6655828,0.742101726297208,-0.670287272612798,0.00583903380793303
282,-0.7424691,-0.66822827,-0.74436481601645,-0.667773180561182,0.0019496023245406252
283,0.74530816,-0.6610183,0.74436481601645,-0.667773180561182,0.006820421462840423
284,-0.7504164,-0.6601884,-0.750062858541656,-0.661366546051673,0.001230070211189646
285,-0.75070727,-0.66494465,-0.74663312919069,-0.665236026080156,0.004084545704918224
286,0.74902976,-0.6623266,0.74663312919069,-0.665236026080156,0.0037694465935237897
287,0.75070137,-0.6602518,0.750062858541656,-0.661366546051673,0.0012846638756945873
288,-0.7546266,-0.652482,-0.755674139890523,-0.654947779827307,0.002679104453655833
289,-0.75751746,-0.6550756,-0.752320116294333,-0.658797725116656,0.00639269065353456
290,0.75422657,-0.6589498,0.752320116294333,-0.658797725116656,0.0019125042478424033
291,0.75939226,-0.65037733,0.755674139890523,-0.654947779827307,0.005891808808944253
292,-0.7582777,-0.64659524,-0.761198648735757,-0.648518787054667,0.0034974123169677442
293,-0.7569897,-0.6521841,-0.757919609095874,-0.652347964009974,0.0009442141703216309
294,0.7589338,-0.65402055,0.757919609095874,-0.652347964009973,0.0019560379876302956
295,0.76274484,-0.6445732,0.761198648735758,-0.648518787054667,0.004237721650555034
296,-0.7642727,-0.64117646,-0.766636431482792,-0.642081444929948,0.0025310607343750906
297,-0.7619718,-0.6462527,-0.763431619845201,-0.645888660544937,0.0015045515186840274
298,0.76638496,-0.6457042,0.763431619845201,-0.645888660544937,0.0029590937030799726
299,0.7681222,-0.64204824,0.766636431482792,-0.642081444929948,0.0014861357186570843
300,-0.7741993,-0.6336473,-0.771987590651842,-0.635637601058625,0.002975381853538697
301,-0.7670224,-0.6403977,-0.76885621883068,-0.63942170338939,0.002077406998795248
302,0.77060443,-0.63788635,0.76885621883068,-0.63942170338939,0.0023267084445338015
303,0.7752027,-0.6333737,0.771987590651842,-0.635637601058625,0.003932203282256934
304,-0.7707622,-0.62813085,-0.777252283205364,-0.629189071942646,0.006575784398937952
305,-0.773245,-0.63168764,-0.774193532703875,-0.632948950484551,0.0015781822396040257
306,0.77523345,-0.6339599,0.774193532703875,-0.632948950484551,0.0014503173465370313
307,0.7723855,-0.6247757,0.777252283205364,-0.629189071942646,0.006569899273329992
308,-0.7786847,-0.6226656,-0.779443742751133,-0.626472227545728,0.00388158694569773
309,0.7823711,-0.6211982,0.779443742751133,-0.626472227545728,0.0060320019972278345
310,-0.78394777,-0.61706704,-0.784607083118939,-0.619993326673433,0.0029996431059959683
311,-0.7869724,-0.6216736,-0.781637990713314,-0.623732355641147,0.005717910526944531
312,0.7836126,-0.6240869,0.781637990713314,-0.623732355641147,0.002006197992710483
313,0.78902763,-0.61449933,0.784607083118939,-0.619993326673433,0.007051612567071921
314,-0.786218,-0.61211556,-0.789683838999787,-0.613514005074503,0.0037373479230586597
315,-0.78321517,-0.6164447,-0.786785855470536,-0.617226066876227,0.003655181641902486
316,0.789243,-0.6174892,0.786785855470536,-0.617226066876227,0.002471178649586304
317,0.79066557,-0.6130949,0.789683838999787,-0.613514005074503,0.001067434814240208
318,-0.79525363,-0.60586333,-0.794674344785169,-0.60703598389244,0.0013079324235733948
319,-0.7908943,-0.60886824,-0.791846550779848,-0.6107200995694,0.002082331454661236
320,0.7937246,-0.60893893,0.791846550779848,-0.6107200995694,0.002588360899636113
321,0.8021794,-0.6056205,0.794674344785169,-0.60703598389244,0.007637367411499412
322,-0.7962983,-0.6022433,-0.796820436027259,-0.604216180459716,0.0020407940583906064
323,0.80006397,-0.6025535,0.796820436027259,-0.604216180459716,0.003644865960384306
324,-0.8022401,-0.5934928,-0.801707917889748,-0.597715998106864,0.004256588036678916
325,-0.800323,-0.6004979,-0.798968035865604,-0.601373492652494,0.0016132617572510912
326,0.7988039,-0.5996897,0.798968035865604,-0.601373492652494,0.00169174927565566
327,0.8054919,-0.59612143,0.801707917889748,-0.597715998106864,0.0041062574915933835
328,-0.80277324,-0.5883399,-0.806509448394649,-0.591221201962649,0.004718159799739515
329,-0.8018299,-0.5945376,-0.803837990030899,-0.594848288039131,0.0020320052111380267
330,0.8069688,-0.5951197,0.803837990030899,-0.594848288039131,0.0031425618050068683
331,0.8066684,-0.59121203,0.806509448394649,-0.591221201962648,0.0001592165295291505
332,-0.80978733,-0.58495593,-0.811225522966966,-0.584733401548922,0.0014553039459494117
333,-0.8078781,-0.58631265,-0.808621487353119,-0.588329236219678,0.002149249240681802
334,0.810228,-0.58803266,0.808621487353119,-0.588329236219678,0.0016336483680605062
335,0.82061374,-0.58534354,0.811225522966966,-0.584733401548921,0.009408024385646259
336,-0.8127859,-0.57959276,-0.813319048355259,-0.581817948831501,0.0022881582081395063
337,0.8171669,-0.5795203,0.813319048355259,-0.581817948831501,0.004481674813353075
338,-0.81706434,-0.57133085,-0.817931234808675,-0.575315995887788,0.004078348060723492
339,-0.8173319,-0.5791996,-0.815412820860766,-0.578879893912277,0.0019455393549732247
340,0.8171571,-0.57898843,0.815412820860766,-0.578879893912277,0.0017476425628999326
341,0.8163473,-0.57346654,0.817931234808675,-0.575315995887787,0.0024350227213709935
342,-0.8207623,-0.5676974,-0.822458647733364,-0.568824905193687,0.002036892167718533
343,-0.8166309,-0.5700215,-0.820005679081886,-0.572355384593746,0.004103182243636369
344,0.81801385,-0.57267165,0.820005679081886,-0.572355384593746,0.0020167846971389123
345,0.82559276,-0.5668324,0.822458647733364,-0.568824905193686,0.0037138417821298442
346,-0.82369936,-0.56746966,-0.824513338810758,-0.565842517069136,0.0018193823296630768
347,0.8288663,-0.56467474,0.824513338810759,-0.565842517069136,0.0045068849270135354
348,-0.8279912,-0.55679476,-0.828936463008263,-0.559342775313448,0.0027177038799967323
349,-0.8285176,-0.5623618,-0.826567398676895,-0.562837752327001,0.0020074609543396936
350,0.8237683,-0.5634406,0.826567398676895,-0.562837752327001,0.0028632682084881516
351,0.8291989,-0.5608318,0.828936463008263,-0.559342775313448,0.0015119596515451247
352,-0.8308938,-0.55081135,-0.83327574958519,-0.552857599344749,0.003140183022186367
353,-0.8281814,-0.55408543,-0.830970020725784,-0.556317197878145,0.003571730110525342
354,0.8294956,-0.5574377,0.830970020725784,-0.556317197878145,0.0018518789537810096
355,0.836067,-0.55088097,0.83327574958519,-0.552857599344749,0.003420272610659176
356,-0.8343048,-0.5528929,-0.835288435823487,-0.54981199421216,0.0032341374413847744
357,0.8397253,-0.54754364,0.835288435823487,-0.54981199421216,0.004983102494558726
358,-0.8381588,-0.54175085,-0.839523399063304,-0.543323533840747,0.002082188232009559
359,-0.839346,-0.5472002,-0.837299628971417,-0.546744301592918,0.002096531920731786
360,0.8342272,-0.5487682,0.837299628971417,-0.546744301592918,0.0036791369068609747
361,0.839937,-0.5440289,0.839523399063304,-0.543323533840746,0.0008176508903105128
362,-0.84070575,-0.53741443,-0.84367569610929,-0.536853164090988,0.0030225133553815607
363,-0.8389824,-0.5385196,-0.841513039431039,-0.540236804066082,0.0030582408961712802
364,0.83943623,-0.54266185,0.841513039431039,-0.540236804066082,0.0031927968334201887
365,0.8446175,-0.5343144,0.84367569610929,-0.536853164090988,0.00270782602607879
366,-0.8444133,-0.53299326,-0.845643469645861,-0.533748182428108,0.001443356400673363
367,0.84612095,-0.5311576,0.845643469645861,-0.533748182428108,0.002634206120089864
368,-0.8475518,-0.523968,-0.849691757440059,-0.5272797334797,0.00394297135388654
369,-0.8481295,-0.5330378,-0.847608909684682,-0.5306214622715,0.002471765615708529
370,0.8516533,-0.53313714,0.847608909684682,-0.5306214622715,0.0047629362644177895
371,0.8475998,-0.5272506,0.849691757440059,-0.5272797334797,0.0020921560597708666
372,-0.85332614,-0.52368504,-0.853658766814576,-0.520832708113284,0.002871659045254168
373,-0.8496494,-0.5251592,-0.851634718172342,-0.524135771345093,0.0022335481712785835
374,0.85379285,-0.5261168,0.851634718172342,-0.524135771345092,0.0029294957104557093
375,0.8586906,-0.51906663,0.853658766814576,-0.520832708113284,0.005332782266165095
376,-0.8546216,-0.51425344,-0.855578988595571,-0.517672284629745,0.0035503702905179415
377,0.8571899,-0.51486915,0.855578988595571,-0.517672284629745,0.003233041827883754
378,-0.85805017,-0.5077324,-0.859442631916018,-0.511232200125606,0.0037666455096054723
379,-0.8616263,-0.5140538,-0.857496062491651,-0.514490527426225,0.004153287520942201
380,0.8573766,-0.5172727,0.857496062491651,-0.514490527426225,0.0027847480091762055
381,0.86406666,-0.50518227,0.859442631916018,-0.511232200125606,0.007614679214255654
382,-0.85934967,-0.5079185,-0.861336423650842,-0.508035004003048,0.0019901699529902075
383,0.8596367,-0.50662833,0.861336423650842,-0.508035004003048,0.0022062860076553508
384,-0.8628252,-0.50020534,-0.865096883913927,-0.501604806039987,0.0026681437497227756
385,-0.8643382,-0.5066326,-0.863226580923886,-0.504816669679655,0.0021291869678625257
386,0.8669742,-0.5085884,0.863226580923886,-0.504816669679655,0.005316973961311058
387,0.8659983,-0.50032586,0.865096883913927,-0.501604806039987,0.0015647068509740368
388,-0.86449444,-0.49582142,-0.868778417738557,-0.495201030765981,0.004328662424394985
389,-0.86509186,-0.49702424,-0.866963254694315,-0.498372064836945,0.0023062423739118225
390,0.8707789,-0.49711844,0.866963254694315,-0.498372064836945,0.004016323639369111
391,0.8655625,-0.48750752,0.868778417738557,-0.495201030765981,0.00833859769988688
392,-0.86862946,-0.4903435,-0.870620825581142,-0.491954650414457,0.0025615082298145017
393,0.87412965,-0.48892424,0.870620825581142,-0.491954650414457,0.0046363009650501556
394,-0.87322074,-0.48831445,-0.874200306782348,-0.485565467904844,0.002918295571754444
395,-0.8739879,-0.49161503,-0.872458830483389,-0.488687619151086,0.003302697619725919
396,0.8717473,-0.48929605,0.872458830483389,-0.488687619151086,0.0009361843393992669
397,0.87680054,-0.4791363,0.874200306782348,-0.485565467904843,0.0069350955196988695
398,-0.8742148,-0.47850657,-0.876013913445046,-0.482285831691847,0.004185637873073047
399,0.8770749,-0.4810756,0.876013913445046,-0.482285831691846,0.0016094445959352153
400,-0.87867427,-0.47527227,-0.879491809075472,-0.475914023505457,0.001039337425706087
401,-0.87989753,-0.47781628,-0.877822654637596,-0.478985789982338,0.002381779339530494
402,0.8779874,-0.48035023,0.877822654637596,-0.478985789982338,0.0013743442503945083
403,0.882555,-0.46769306,0.879491809075472,-0.475914023505457,0.008773107644547367
404,-0.8785097,-0.4700068,-0.881275755714643,-0.472602414709853,0.003793192692021715
405,0.87934095,-0.4716872,0.881275755714644,-0.472602414709853,0.0021403523599056386
406,-0.8854612,-0.46408772,-0.884652634022451,-0.466250702001766,0.002309170398504041
407,-0.88286495,-0.466253,-0.883054383390156,-0.469270663876862,0.0030235913316992522
408,0.88450783,-0.47029868,0.883054383390156,-0.469270663876862,0.0017802622587156903
409,0.8876025,-0.46055514,0.884652634022451,-0.466250702001766,0.006414142705338909
410,-0.88407737,-0.46344346,-0.886406109788144,-0.46290842348163,0.0023894121130275045
411,0.8816748,-0.46399385,0.886406109788144,-0.46290842348163,0.0048541930254181855
412,-0.8902192,-0.45595115,-0.889682636694623,-0.456579462924148,0.0008262471896862057
413,-0.88927394,-0.45706105,-0.888153822920703,-0.459546283666119,0.0027259934888692505
414,0.89113426,-0.4597117,0.888153822920703,-0.459546283666119,0.002985026029973571
415,0.8935328,-0.4519701,0.889682636694623,-0.456579462924148,0.006005836937478887
416,-0.8899536,-0.4534955,-0.89140487936458,-0.453207834271451,0.0014795020237185611
417,0.88769555,-0.45578173,0.89140487936458,-0.453207834271451,0.0045148694994156646
418,-0.8951893,-0.44780284,-0.894581814739496,-0.446904214275711,0.0010846896502564312
419,-0.8947375,-0.4477516,-0.893120926293767,-0.449816641550937,0.002622518219378625
420,0.8951925,-0.4497962,0.893120926293767,-0.449816641550937,0.0020716784896815258
421,0.89883626,-0.4425834,0.894581814739496,-0.446904214275711,0.00606379381653876
422,-0.8951114,-0.44379798,-0.896272111184597,-0.443504568987407,0.0011972383920678116
423,0.8928861,-0.44663483,0.896272111184597,-0.443504568987407,0.004611245479350706
424,-0.900974,-0.43885863,-0.899350304942443,-0.437228806233,0.0023005709021923526
425,-0.8991218,-0.43808016,-0.897955790029163,-0.440085672515139,0.0023198494008610155
426,0.89955026,-0.44027066,0.897955790029163,-0.440085672515139,0.0016051644413182
427,0.9032711,-0.43237427,0.899350304942443,-0.437228806233,0.006240112473765438
428,-0.89952785,-0.4346326,-0.901007991426884,-0.43380248891044,0.0016970293463639799
429,0.8978108,-0.43664432,0.901007991426884,-0.43380248891044,0.004277605104840393
430,-0.9053526,-0.42897063,-0.903988379467417,-0.427557025188305,0.0019645278399882857
431,-0.9024656,-0.42807636,-0.902658650331665,-0.430357248087466,0.0022890480934006662
432,0.90418077,-0.43164957,0.902658650331665,-0.430357248087466,0.001996726904059087
433,0.90510976,-0.4230878,0.903988379467417,-0.427557025188305,0.004607757143141176
434,-0.90317667,-0.42482215,-0.90561284178776,-0.424105388776302,0.0025394300310503794
435,0.90296936,-0.42736596,0.90561284178776,-0.424105388776302,0.0041975362142367125
436,-0.9065016,-0.41783106,-0.908496441804188,-0.417892588148113,0.0019957991435151793
437,-0.9054985,-0.41867864,-0.907229879008383,-0.420635170467753,0.0026125970827774346
438,0.90771616,-0.42138362,0.907229879008383,-0.420635170467753,0.0008925469499969603
439,0.912262,-0.40949315,0.908496441804188,-0.417892588148113,0.009204900176083757
440,-0.90853727,-0.4134784,-0.910087115272253,-0.414416991224333,0.0018118968053589997
441,0.9115682,-0.41673908,0.910087115272253,-0.414416991224333,0.002754226531864067
442,-0.9128803,-0.40337166,-0.912875022450284,-0.408239137499571,0.0048674784607820815
443,-0.91144586,-0.41015664,-0.911669979102951,-0.410923167030561,0.0007986230344931319
444,0.91291064,-0.40944478,0.911669979102951,-0.410923167030561,0.0019299924246177927
445,0.91892195,-0.3999744,0.912875022450284,-0.408239137499571,0.010240658813842016
446,-0.9132686,-0.40392876,-0.914431391725562,-0.40474094162421,0.001418333202925332
447,0.9182935,-0.4022894,0.914431391725562,-0.404740941624209,0.004574472467164565
448,-0.90879405,-0.39817858,-0.917124774356135,-0.398600236154229,0.008341393182276308
449,-0.9169171,-0.40019926,-0.915979580276146,-0.401224885216676,0.0013895375528991043
450,0.9202972,-0.39760923,0.915979580276146,-0.401224885216676,0.005631591416858235
451,0.9029473,-0.38848773,0.917124774356135,-0.398600236154229,0.01741446075993929
452,-0.9163749,-0.3983844,-0.918646373134067,-0.395080803289181,0.004009138469418945
453,0.92071825,-0.39060092,0.918646373134067,-0.395080803289181,0.0049357918845057
454,-0.9183319,-0.38870552,-0.920159433962747,-0.3915438878202,0.0033758146870242183
455,0.92077494,-0.3925817,0.920159433962747,-0.3915438878202,0.0012066069636251892
456,-0.92215574,-0.38351464,-0.922732878725144,-0.38544005308168,0.0020100489141040975
457,-0.9226646,-0.38907495,-0.921663779905363,-0.387989531831154,0.0014763949184615852
458,0.9213424,-0.39040813,0.921663779905363,-0.387989531831154,0.002439859076514048
459,0.92252845,-0.37994868,0.922732878725144,-0.38544005308168,0.005495181447680738
460,-0.9236578,-0.38509488,-0.924210408334419,-0.381883648676302,0.0032584378300868485
461,0.92417085,-0.38289723,0.92421040833442,-0.381883648676302,0.001014350914294631
462,-0.9282785,-0.3699698,-0.926691839894859,-0.375822077414673,0.0060635660060421445
463,-0.9242973,-0.37593803,-0.925678882467361,-0.378310198850067,0.0027451845770105777
464,0.9278757,-0.3777218,0.925678882467362,-0.378310198850067,0.0022742528175032748
465,0.93309534,-0.37164432,0.926691839894859,-0.375822077414673,0.007645811580265004
466,-0.92764276,-0.37436563,-0.928133483098203,-0.372247548752167,0.0021741815137859754
467,0.92871547,-0.36819342,0.928133483098203,-0.372247548752167,0.004095690865712751
468,-0.9282364,-0.36689034,-0.929565745023555,-0.368656378866286,0.002210425642608111
469,0.927991,-0.36733055,0.929565745023555,-0.368656378866286,0.0020585737974473236
470,-0.9308139,-0.3593062,-0.931929744159666,-0.362638872641226,0.0035145250574458494
471,-0.9317519,-0.36600593,-0.930988453424358,-0.365048626336988,0.0012244534889915332
472,0.92972285,-0.36403346,0.930988453424358,-0.365048626336988,0.0016224440574415656
473,0.9321305,-0.3557563,0.931929744159666,-0.362638872641225,0.00688548776503382
474,-0.932314,-0.36159664,-0.933325501268871,-0.359031347769537,0.002757521047550939
475,0.93421924,-0.35770604,0.933325501268871,-0.359031347769537,0.0015985028194230035
476,-0.9345828,-0.35049456,-0.935600378179178,-0.353060805458464,0.0027606163705952967
477,-0.93353426,-0.3529376,-0.934711397126518,-0.355407659008346,0.002736199613194926
478,0.9367236,-0.35174915,0.934711397126518,-0.355407659008346,0.004175355515153686
479,0.93547267,-0.34585798,0.935600378179178,-0.353060805458464,0.007203959702852937
480,-0.93357295,-0.3504437,-0.936959384733034,-0.349438279758664,0.0035325353054299754
481,0.93644565,-0.34631413,0.936959384733034,-0.349438279758664,0.0031661045033747003
482,-0.93557084,-0.34239012,-0.938308237739384,-0.345800015891282,0.004372728862326135
483,0.938841,-0.34395373,0.938308237739384,-0.345800015891282,0.0019216129795758805
484,-0.9417624,-0.33554116,-0.940468723155008,-0.339880244743922,0.004527828831284044
485,-0.9387349,-0.34096923,-0.939646771171692,-0.342146087843503,0.001488795603558818
486,0.9435505,-0.34283498,0.939646771171692,-0.342146087843503,0.003964073882752275
487,0.9435697,-0.33430666,0.940468723155008,-0.339880244743922,0.006378170346943198
488,-0.9404554,-0.33515048,-0.941780348960002,-0.336228752953666,0.0017082805402729795
489,0.94106084,-0.33465156,0.941780348960002,-0.336228752953666,0.001733560061440748
490,-0.9422693,-0.33203778,-0.943081382049947,-0.332562034560114,0.0009665829146544169
491,0.94025916,-0.33038387,0.943081382049947,-0.332562034560114,0.003565018786353197
492,-0.9434488,-0.32379025,-0.945129191859589,-0.326696817699286,0.0033573650914923946
493,-0.9446375,-0.33031425,-0.944371660056692,-0.328880172223512,0.001458504195031619
494,0.9458468,-0.32857043,0.944371660056692,-0.328880172223512,0.0015073052720135803
495,0.9455116,-0.32053724,0.945129191859589,-0.326696817699286,0.006171436316867879
496,-0.94510657,-0.3217998,-0.94639260084409,-0.323018645077274,0.0017718445837124823
497,0.94471395,-0.320663,0.946392600844091,-0.323018645077274,0.002892560762916778
498,-0.9466595,-0.31939855,-0.947645001315954,-0.319325776411622,0.000988179425621237
499,0.9452585,-0.31633067,0.947645001315954,-0.319325776411622,0.0038296281449579895
500,-0.947783,-0.31102288,-0.949582013769693,-0.313518738076521,0.0030766529936954445
501,-0.9495958,-0.31780696,-0.948886235028115,-0.315618302660299,0.0023008069099497127
502,0.949918,-0.31454352,0.948886235028115,-0.315618302660299,0.0014898486235846756
503,0.9494526,-0.30685103,0.949582013769693,-0.313518738076521,0.006668964867322713
504,-0.9493024,-0.30831033,-0.950796472442994,-0.309816184196305,0.002121302275088526
505,0.94890255,-0.30725324,0.950796472442994,-0.309816184196305,0.0031867894951880327
506,-0.95097554,-0.30668914,-0.951999531080638,-0.306099481904568,0.001181636019806185
507,0.94975454,-0.30343226,0.951999531080638,-0.306099481904568,0.0034862725574637678
508,-0.95380807,-0.2953047,-0.953827776241985,-0.300354079827909,0.005049432453421894
509,-0.95356244,-0.30245167,-0.953191035987936,-0.302368730050322,0.00038055075940373505
510,0.95565695,-0.30229717,0.953191035987936,-0.302368730050322,0.002466947682848994
511,0.95094216,-0.30720574,0.953827776241985,-0.300354079827908,0.007434513409452974
512,-0.9535581,-0.29398125,-0.954992653685185,-0.296629451348526,0.0030117983391918946
513,0.9458894,-0.29650068,0.954992653685185,-0.296629451348526,0.00910415102070678
514,-0.9557001,-0.29319537,-0.956145764603263,-0.292891237204601,0.0005395481994529862
515,0.95097053,-0.3079813,0.956145764603263,-0.292891237204601,0.01595284969993931
516,-0.9590854,-0.2817516,-0.957867413385331,-0.287210756021595,0.005593376100231898
517,-0.9565457,-0.286531,-0.957286960251647,-0.289139543701933,0.0027118157033852106
518,0.9397855,-0.3090039,0.957286960251647,-0.289139543701933,0.026474403296762646
519,-0.9563571,-0.28175297,-0.958982180733591,-0.283466359618643,0.0031347451460832024
520,-0.95809966,-0.27751723,-0.960084840713605,-0.27970895343541,0.0029571243017430526
521,-0.9603105,-0.27568278,-0.961175249893393,-0.275938650776533,0.0009017933628318411
522,-0.961788,-0.269849,-0.962766423031417,-0.270334634635096,0.0010923153958635977
523,-0.9610979,-0.27489552,-0.96225326553537,-0.272155567583168,0.0029735857815902833
524,-0.9621827,-0.2652536,-0.963818230371934,-0.266560347393818,0.002093451035108697
525,-0.96391803,-0.26378128,-0.964857477821405,-0.262773757236368,0.0013775567055274054
526,-0.9674647,-0.25276756,-0.966347069172019,-0.257241796570172,0.004611706122495098
527,-0.96483856,-0.25598955,-0.965884028415223,-0.258974986538044,0.0031631972935972493
528,-0.9675419,-0.25174302,-0.967347722080043,-0.253452923807465,0.0017208923505050778
529,-0.96653724,-0.2496196,-0.968335532732812,-0.249652350373595,0.0017985937064612671
530,-0.9684371,-0.24698234,-0.969310370219084,-0.245840204575537,0.0014377439819421335
531,-0.97251016,-0.23607989,-0.970675406293062,-0.240393959195734,0.0046880209360452285
532,-0.96962243,-0.2391095,-0.970272104626433,-0.242016617164591,0.002978824594489936
533,-0.97212017,-0.23474033,-0.971611603100633,-0.236581682976975,0.0019102906364355226
534,-0.9712524,-0.23278308,-0.972534577546105,-0.232758448777308,0.0012824322915230507
535,-0.9721978,-0.2293751,-0.973444206128758,-0.228924392659133,0.0013254177479040694
536,-0.9739039,-0.22052231,-0.974688160347266,-0.223568759174585,0.003145774840991457
537,-0.9735291,-0.22242463,-0.974340366505268,-0.225079653008397,0.0027762059035423585
538,-0.97415316,-0.21943666,-0.975559217241268,-0.219736691646172,0.0014377109443214696
539,-0.9761152,-0.21562724,-0.97641671277095,-0.215894425638025,0.0004028436109433133
540,-0.97657734,-0.2093465,-0.977260531304278,-0.212042104203102,0.0027808297274984945
541,-0.97605336,-0.20855954,-0.978090558512449,-0.208179872583318,0.0020722787073289227
542,-0.9782826,-0.19785824,-0.979192545984978,-0.202933382880827,0.005156072884683148
543,-0.98029625,-0.20446233,-0.97890668140998,-0.204307878190979,0.0013981306010930443
544,-0.9794174,-0.19674017,-0.979984114856888,-0.199075700747634,0.002403312259715656
545,-0.9808906,-0.1964794,-0.980761717798259,-0.195208741867285,0.001277169874544049
546,-0.9794639,-0.18793572,-0.981525248866301,-0.191332657531186,0.003973463554109038
547,-0.98010504,-0.18756992,-0.982274603591201,-0.187447601050932,0.0021730063322569554
548,-0.98372716,-0.17647728,-0.983239753730993,-0.182317269294537,0.005860290025609829
549,-0.98492366,-0.18340543,-0.983009679013666,-0.183553727735098,0.001919718360741902
550,-0.9813464,-0.17711881,-0.983950927535704,-0.178439267543968,0.002920107721070086
551,-0.98378307,-0.17382862,-0.984647791710235,-0.174552932602573,0.0011279998020691131
552,-0.9860441,-0.1680013,-0.985330250581699,-0.170658422846942,0.00275134996659362
553,-0.9853477,-0.16592683,-0.985998210099585,-0.166755898487622,0.001053819240692865
554,-0.9873385,-0.16318907,-0.986651577870221,-0.162845521541746,0.0007680257707801073
555,-0.9853968,-0.15452734,-0.987462284800448,-0.157855111088236,0.003916669770363506
556,-0.9870965,-0.15908796,-0.987290263190835,-0.158927455804755,0.00025161267327668973
557,-0.9848432,-0.15210721,-0.988077906919691,-0.153954700666144,0.003725129543338116
558,-0.9875807,-0.15032771,-0.988678852710912,-0.150047079952376,0.001133427284531914
559,-0.9888777,-0.14292462,-0.989265038971655,-0.146132414844929,0.00323109234378147
560,-0.9888926,-0.13878527,-0.989836384280147,-0.142210872844538,0.003553228977591876
561,-0.99088925,-0.13905005,-0.990392809025746,-0.138282623022897,0.0009140029754387907
562,-0.9832191,-0.13301809,-0.991056761576179,-0.133440980714832,0.007849074866491324
563,-0.990985,-0.13264716,-0.990934235438855,-0.134347835990061,0.0017014360491737828
564,-0.990171,-0.12792963,-0.991576090565748,-0.129525505667219,0.002126279019845419
565,-0.988331,-0.12495781,-0.99208046278502,-0.125603962358914,0.003804712655382993
566,-0.9921792,-0.121172145,-0.992569808056056,-0.121676522532348,0.0006379338971220216
567,-0.9898153,-0.115899876,-0.993044058108416,-0.117743359284371,0.003717975844041421
568,-0.9945211,-0.11092988,-0.99350314660507,-0.113804647030888,0.0030496715511371905
569,-0.99338883,-0.107529216,-0.993947009167652,-0.1098605614708,0.002397235104656061
570,-0.9941378,-0.10415219,-0.99437558340108,-0.105911279549258,0.0017750869973350827
571,-0.99488145,-0.1015035,-0.994788808917498,-0.101956979420266,0.00046284684841386053
572,-0.99363965,-0.09228096,-0.995251648968127,-0.0973352722615179,0.005305148799315535
573,-0.9962482,-0.096577205,-0.995186627359534,-0.0979978404086297,0.0017734462513692697
574,-0.99434584,-0.09386986,-0.995628872982189,-0.0933977905745971,0.0013671177987476962
575,-0.991896,-0.09172283,-0.995990782118496,-0.089455921743542,0.004680420311770211
576,-0.9950473,-0.08456681,-0.99633732562802,-0.0855098448156942,0.0015979851052481107
577,-0.99499995,-0.081032924,-0.996668454823823,-0.0815597398174657,0.0017497025513785386
578,-0.99423033,-0.07628599,-0.996984123099856,-0.077605787714645,0.0030537268267770146
579,-0.9961706,-0.071790025,-0.997284285949011,-0.0736481703721961,0.0021663438433116317
580,-0.99757916,-0.0674904,-0.997568900980396,-0.0696870705135743,0.002196695573386742
581,-0.996579,-0.06456456,-0.997837927935844,-0.0657226716795736,0.001710595249722146
582,-0.9969271,-0.061576173,-0.998091328705611,-0.061755158186733,0.0011779239951973362
583,-0.9980139,-0.058058783,-0.998329067343283,-0.0577847150853166,0.0004176545339976558
584,-0.99904853,-0.053551648,-0.998551110079862,-0.0538115281168959,0.0005612177828273144
585,-1.0000318,-0.04910457,-0.998757425337025,-0.0498357836715516,0.0014692773262188672
586,-1.0008382,-0.044834714,-0.998947983739544,-0.0458576687447197,0.0021492333210308564
587,-1.0019749,-0.041512154,-0.999122758126863,-0.0418773708937053,0.002875469787171097
588,-1.0011482,-0.03360404,-0.999291419576494,-0.0376385276119369,0.004441261815581058
589,-1.0025331,-0.03618771,-0.99928172356382,-0.0378950781938861,0.0036723859570807114
590,-0.9985009,-0.03249114,-0.999432622845838,-0.0336813359516775,0.001511523834884229
591,-0.99726325,-0.027459469,-0.999558187126665,-0.0297225595811485,0.0032230892372863964
592,-0.99761623,-0.023550622,-0.999668094703254,-0.0257623840582901,0.0030169576590758896
593,-0.9981416,-0.02023713,-0.999762330059119,-0.0218009952699531,0.002252217999497408
594,-0.99861485,-0.016808879,-0.999840879883096,-0.0178385793884118,0.00160107422156556
595,-0.9990359,-0.013266008,-0.999903733074553,-0.0138753228277168,0.0010603807259870243
596,-0.99940497,-0.009609479,-0.999950880747751,-0.0099114121999184,0.0006238472452754515
597,-0.99969155,-0.0058626328,-0.999982316235331,-0.005947034271179,0.00030277213398694804
598,-0.9996576,-0.0020197053,-0.99999803509093,-0.0019823759178016,0.00034250410407157074
599,-0.9995484,0.00226124,-0.99999803509093,0.0019823759178018,0.0005291113757331495
600,-0.99936193,0.006647229,-0.999982316235331,0.0059470342711792,0.0009354940864341111
601,-0.9990894,0.011127848,-0.999950880747751,0.0099114121999187,0.0014905808873292123
602,-0.9987363,0.015776098,-0.999903733074553,0.013875322827717,0.00223064882664936
603,-0.9983111,0.020577177,-0.999840879883096,0.0178385793884121,0.0031368994685699514
604,-0.997902,0.025620345,-0.999762330059119,0.0218009952699533,0.0042483348952681394
605,-0.9973914,0.030785855,-0.999668094703254,0.0257623840582903,0.005515304682103674
606,-0.9973646,0.03487512,-0.999558187126665,0.0297225595811489,0.005600071276164333
607,-0.99964494,0.038153425,-0.999432622845838,0.0336813359516777,0.004477125830471672
608,-1.0021148,0.042230405,-0.999291419576494,0.0376385276119371,0.005390423040688072
609,-1.0010289,0.038427822,-0.99928172356382,0.0378950781938863,0.0018265885203229614
610,-1.0027149,0.0423771,-0.999122758126863,0.0418773708937055,0.003626708320275899
611,-1.0026742,0.04637865,-0.998947983739544,0.0458576687447199,0.0037624822587893508
612,-1.0022491,0.050824806,-0.998757425337025,0.0498357836715518,0.003629064425702695
613,-1.0017258,0.05529824,-0.998551110079862,0.0538115281168961,0.0035055556107905957
614,-1.0003468,0.059606306,-0.998329067343283,0.0577847150853168,0.002718337367031702
615,-0.999584,0.063243374,-0.998091328705611,0.0617551581867332,0.002107821589109035
616,-0.9996416,0.06604088,-0.997837927935844,0.0657226716795738,0.0018315240178963237
617,-0.9988709,0.070423245,-0.997568900980396,0.0696870705135745,0.0014957202104630024
618,-0.9981052,0.0748309,-0.997284285949011,0.0736481703721963,0.0014397181672520774
619,-0.9957364,0.07775557,-0.996984123099856,0.0776057877146452,0.0012566612495032547
620,-0.99837786,0.083651,-0.996668454823823,0.0815597398174659,0.0027010051230044988
621,-0.9956569,0.087518126,-0.99633732562802,0.0855098448156944,0.0021204153250676664
622,-0.994636,0.09485388,-0.995990782118496,0.0894559217435422,0.005565372289864876
623,-0.993789,0.095731705,-0.995628872982189,0.0933977905745973,0.002971906431330513
624,-0.9939771,0.10049257,-0.995251648968127,0.0973352722615182,0.0034048361094470305
625,-0.9977581,0.099427015,-0.995186627359534,0.0979978404086299,0.002941931593570881
626,-0.9963258,0.102598205,-0.994788808917498,0.101956979420266,0.0016653780565978825
627,-0.99430376,0.10866706,-0.99437558340108,0.105911279549258,0.002756716908631855
628,-0.99411315,0.11090486,-0.993947009167652,0.1098605614708,0.0010574290027892997
629,-0.9937319,0.114399865,-0.99350314660507,0.113804647030888,0.0006376677546358602
630,-0.99391085,0.11889097,-0.993044058108416,0.117743359284371,0.0014381721516568316
631,-0.99337393,0.12383434,-0.992569808056055,0.121676522532348,0.002302780204386683
632,-0.9916813,0.13060245,-0.99208046278502,0.125603962358915,0.0050144011784230245
633,-0.98904294,0.12930164,-0.991576090565747,0.129525505667219,0.002543025787467186
634,-0.9881725,0.13476309,-0.991056761576179,0.133440980714833,0.003172870441353076
635,-0.99105555,0.1368388,-0.990934235438855,0.134347835990061,0.002493910056208087
636,-0.9902366,0.14232771,-0.990392809025746,0.138282623022897,0.0040481037564084575
637,-0.99032015,0.14356491,-0.989836384280147,0.142210872844538,0.001437859965152865
638,-0.99001235,0.14725892,-0.989265038971655,0.146132414844929,0.0013518467865877275
639,-0.9884462,0.1517195,-0.988678852710912,0.150047079952376,0.0016885238248104289
640,-0.9888796,0.15907688,-0.988077906919691,0.153954700666144,0.005184545457686118
641,-0.9838994,0.15766233,-0.987462284800448,0.157855111088236,0.003568081872943025
642,-0.98916036,0.16013089,-0.987290263190835,0.158927455804755,0.0022238497183812056
643,-0.98727506,0.16391256,-0.986651577870221,0.162845521541746,0.0012358461281788348
644,-0.98666805,0.17072874,-0.985998210099585,0.166755898487623,0.004028917969571523
645,-0.9870183,0.172071,-0.985330250581699,0.170658422846942,0.0022010969027500514
646,-0.983964,0.17637727,-0.984647791710235,0.174552932602573,0.0019482634014955857
647,-0.985979,0.18323614,-0.983950927535704,0.178439267543968,0.005207986016637511
648,-0.9847966,0.18346573,-0.983239753730993,0.182317269294537,0.0019346035432158363
649,-0.987233,0.18400754,-0.983009679013666,0.183553727735098,0.004247616201461302
650,-0.9832923,0.1920731,-0.982274603591201,0.187447601050933,0.004736134679636819
651,-0.98449177,0.1939833,-0.981525248866301,0.191332657531186,0.003978207446833384
652,-0.9809137,0.19662417,-0.980761717798259,0.195208741867285,0.001423568870891939
653,-0.9838523,0.20407368,-0.979984114856888,0.199075700747634,0.006320038374048847
654,-0.9792829,0.20341545,-0.979192545984978,0.202933382880827,0.000490467821712762
655,-0.9841518,0.2051658,-0.97890668140998,0.204307878190979,0.0053148002115689765
656,-0.9787818,0.211651,-0.978090558512448,0.208179872583318,0.0035392865144821526
657,-0.9821518,0.2152023,-0.977260531304278,0.212042104203103,0.005823351276837179
658,-0.9753637,0.21843652,-0.97641671277095,0.215894425638025,0.0027515742392446104
659,-0.97816086,0.22269742,-0.975559217241268,0.219736691646172,0.003941377820748925
660,-0.97595733,0.22361761,-0.974688160347266,0.223568759174585,0.0012701136143945628
661,-0.97505164,0.2275992,-0.974340366505268,0.225079653008397,0.0026180235261099756
662,-0.97562516,0.23320693,-0.973444206128758,0.228924392659133,0.004805897968833147
663,-0.9736871,0.2352353,-0.972534577546105,0.232758448777308,0.0027318759935152635
664,-0.9754998,0.2397528,-0.971611603100633,0.236581682976975,0.005017381989602053
665,-0.972394,0.24035785,-0.970675406293062,0.240393959195734,0.0017189626572478652
666,-0.97200465,0.24570787,-0.970272104626433,0.242016617164591,0.004077629765629172
667,-0.97136724,0.24909192,-0.969310370219084,0.245840204575537,0.0038476469888565415
668,-0.969054,0.2508038,-0.968335532732812,0.249652350373595,0.0013572046339855816
669,-0.9702968,0.25565168,-0.967347722080043,0.253452923807465,0.003678532544155473
670,-0.96801054,0.256853,-0.966347069172019,0.257241796570172,0.0017083040699924243
671,-0.96579933,0.262263,-0.965884028415223,0.258974986538044,0.0032891041547436824
672,-0.9685287,0.26567146,-0.964857477821405,0.262773757236368,0.004677015682546628
673,-0.96452576,0.27114636,-0.963818230371934,0.266560347393818,0.004640267419508691
674,-0.9597502,0.27027717,-0.962766423031417,0.270334634635096,0.0030167948607683535
675,-0.96048427,0.2727833,-0.96225326553537,0.272155567583168,0.0018770769631832555
676,-0.9597699,0.27556482,-0.961175249893393,0.275938650776533,0.0014542163262228009
677,-0.9618901,0.2798649,-0.960084840713605,0.27970895343541,0.001811984509079108
678,-0.9625067,0.28541404,-0.958982180733591,0.283466359618643,0.004026881698883418
679,-0.9599582,0.28741428,-0.957867413385331,0.287210756021595,0.0021006650571166493
680,-0.95762384,0.29372624,-0.957286960251647,0.289139543701933,0.004599046680762836
681,0.9356715,0.30792868,0.957286960251647,0.289139543701933,0.028640172083808393
682,-0.96156734,0.2951448,-0.956145764603263,0.292891237204601,0.005871288907724977
683,0.9398248,0.2798074,0.956145764603263,0.292891237204601,0.020917942931377824
684,-0.95872265,0.29951248,-0.954992653685185,0.296629451348527,0.004714309024937373
685,0.95157766,0.29563698,0.954992653685185,0.296629451348527,0.003556283798070479
686,-0.9546675,0.3027949,-0.953827776241985,0.300354079827909,0.0025812343397679845
687,-0.9517231,0.30671436,-0.953191035987936,0.302368730050323,0.004586862123693518
688,0.951628,0.3057943,0.953191035987936,0.302368730050323,0.0037653034385538233
689,0.9567589,0.2910533,0.953827776241985,0.300354079827909,0.009751726944068353
690,-0.95550734,0.3066367,-0.951999531080638,0.306099481904568,0.0035487044715029996
691,0.94918984,0.3072965,0.951999531080638,0.306099481904568,0.0030540532430008934
692,-0.95339227,0.31270826,-0.950796472442994,0.309816184196305,0.0038861607126986697
693,0.94872963,0.31215468,0.950796472442994,0.309816184196305,0.0031209589695133304
694,-0.9502107,0.31647092,-0.949582013769693,0.313518738076521,0.003018380141158682
695,-0.94612527,0.31995705,-0.948886235028115,0.3156183026603,0.005142727125574037
696,0.9476153,0.31928912,0.948886235028115,0.3156183026603,0.003884597378100727
697,0.947395,0.31487688,0.949582013769693,0.313518738076521,0.0025743879789948466
698,-0.9513118,0.3190538,-0.947645001315954,0.319325776411623,0.003676898176429343
699,0.9450549,0.3201544,0.947645001315954,0.319325776411623,0.0027194297372008115
700,-0.9492766,0.325378,-0.94639260084409,0.323018645077275,0.003726145576909803
701,0.94401133,0.3253784,0.94639260084409,0.323018645077274,0.0033524372328966787
702,-0.94683516,0.33029765,-0.945129191859589,0.326696817699287,0.003984509198377005
703,-0.9416437,0.33172524,-0.944371660056692,0.328880172223512,0.003941585214513819
704,0.9440448,0.33448043,0.944371660056692,0.328880172223512,0.005609791282784541
705,0.9432302,0.32763237,0.945129191859589,0.326696817699287,0.002116926817731034
706,-0.94684607,0.33286113,-0.943081382049947,0.332562034560114,0.0037765480219833923
707,0.94234943,0.33313012,0.943081382049947,0.332562034560114,0.0009265368646262884
708,-0.94600797,0.33835626,-0.941780348960002,0.336228752953666,0.004732760877927388
709,0.9405961,0.33690324,0.941780348960002,0.336228752953666,0.0013628556157428068
710,-0.9445492,0.34293264,-0.940468723155008,0.339880244743922,0.0050958258505109455
711,-0.9384563,0.34329408,-0.939646771171692,0.342146087843503,0.0016538211157788969
712,0.9405183,0.34777394,0.939646771171692,0.342146087843503,0.005694937180644188
713,0.93841076,0.3436119,0.940468723155008,0.339880244743922,0.004261506536292072
714,-0.937335,0.34669727,-0.938308237739384,0.345800015891283,0.001323718352205929
715,0.93915606,0.34494254,0.938308237739384,0.345800015891282,0.0012058440590584374
716,-0.94043344,0.35210773,-0.936959384733034,0.349438279758664,0.004381216865810895
717,0.9367512,0.3512999,0.936959384733034,0.349438279758664,0.0018732378343051007
718,-0.93842053,0.35601863,-0.935600378179178,0.353060805458464,0.004086810652113347
719,-0.9371646,0.35679087,-0.934711397126518,0.355407659008346,0.002816292075214245
720,0.9323902,0.35667706,0.934711397126518,0.355407659008346,0.0026456119868621688
721,0.9381693,0.3582849,0.935600378179178,0.353060805458464,0.0058215486157288075
722,-0.9334969,0.36041263,-0.933325501268871,0.359031347769537,0.0013918723063120171
723,0.9315737,0.36221287,0.933325501268871,0.359031347769537,0.003631928963867465
724,-0.932312,0.36397204,-0.931929744159666,0.362638872641226,0.0013868880424236655
725,-0.9274471,0.36837575,-0.930988453424358,0.365048626336988,0.0048591215862381545
726,0.93112326,0.36788747,0.930988453424358,0.365048626336988,0.0028420395945678574
727,0.93265563,0.36296472,0.931929744159666,0.362638872641226,0.0007956695759737296
728,-0.9309088,0.3694855,-0.929565745023555,0.368656378866286,0.0015783637448133175
729,0.93063486,0.3706368,0.929565745023555,0.368656378866286,0.002250562361296408
730,-0.9327892,0.3743164,-0.928133483098203,0.372247548752167,0.005094691596162974
731,0.9268157,0.37313282,0.928133483098203,0.372247548752167,0.0015875440677040535
732,-0.9320525,0.378167,-0.926691839894859,0.375822077414673,0.005851092255390724
733,-0.9277539,0.3787181,-0.925678882467361,0.378310198850067,0.0021147559384951603
734,0.922001,0.3803693,0.925678882467361,0.378310198850067,0.004215057420826816
735,0.9257751,0.37917122,0.926691839894859,0.375822077414673,0.003472342845071983
736,-0.9246285,0.38236213,-0.924210408334419,0.381883648676303,0.0006354047808556198
737,0.92308897,0.3838506,0.924210408334419,0.381883648676302,0.0022641871125693167
738,-0.92405146,0.38704732,-0.922732878725144,0.385440053081681,0.0020789360192227254
739,-0.9194834,0.3896433,-0.921663779905363,0.387989531831155,0.0027365932130075953
740,0.9220189,0.38941765,0.921663779905363,0.387989531831155,0.0014716034642150656
741,0.9242503,0.38667208,0.922732878725144,0.38544005308168,0.0019546024754369027
742,-0.9185634,0.39262706,-0.920159433962747,0.3915438878202,0.0019288612570903146
743,0.92207193,0.39483774,0.920159433962747,0.3915438878202,0.003808818503309035
744,-0.9201385,0.39601684,-0.918646373134067,0.395080803289181,0.0017614015189830446
745,0.9167928,0.39927688,0.918646373134067,0.395080803289181,0.0045872406103108715
746,-0.9095874,0.39928105,-0.917124774356135,0.39860023615423,0.007568076262931354
747,-0.92033815,0.402321,-0.915979580276146,0.401224885216676,0.004494291363454366
748,0.91302437,0.39744344,0.915979580276146,0.401224885216676,0.004799228393824374
749,0.91643816,0.40281832,0.917124774356135,0.39860023615423,0.004273603375836557
750,-0.9190058,0.40662852,-0.914431391725562,0.40474094162421,0.004948561723346561
751,0.91193986,0.40476364,0.914431391725562,0.404740941624209,0.0024916357172576893
752,-0.918012,0.4104354,-0.912875022450284,0.408239137499571,0.005586804097726136
753,-0.9150119,0.4110915,-0.91166997910295,0.410923167030561,0.0033461408175033515
754,0.9057863,0.41134852,0.91166997910295,0.410923167030561,0.005899058434277906
755,0.90941375,0.4097704,0.912875022450284,0.408239137499571,0.003784856084069158
756,-0.9122479,0.41531986,-0.910087115272253,0.414416991224333,0.0023418253962453565
757,0.9085199,0.41546,0.910087115272253,0.414416991224333,0.0018825347159925415
758,-0.911729,0.4210937,-0.908496441804188,0.417892588148114,0.004549332169691745
759,-0.90770906,0.42129755,-0.907229879008383,0.420635170467753,0.000817534920562099
760,0.9062187,0.42170212,0.907229879008383,0.420635170467753,0.0014699802777234643
761,0.91061723,0.4198847,0.908496441804188,0.417892588148114,0.0029096920607475435
762,-0.905275,0.4247752,-0.90561284178776,0.424105388776302,0.0007502067737124023
763,0.90556574,0.42605573,0.90561284178776,0.424105388776302,0.001950909328809024
764,-0.9061642,0.4296583,-0.903988379467417,0.427557025188306,0.0030248388854583847
765,-0.9050361,0.431979,-0.902658650331665,0.430357248087466,0.002877900113999679
766,0.90138847,0.431094,0.902658650331665,0.430357248087466,0.001468385901264372
767,0.90635204,0.42899227,0.903988379467417,0.427557025188306,0.0027652916244606577
768,-0.8994776,0.43268585,-0.901007991426884,0.43380248891044,0.0018944583864353465
769,0.90022564,0.43830997,0.901007991426884,0.43380248891044,0.0045748702909516655
770,-0.9006646,0.43860617,-0.899350304942443,0.437228806233,0.0019038336540108188
771,-0.9023389,0.4427721,-0.897955790029162,0.440085672515139,0.0051408839047857305
772,0.8965765,0.43985105,0.897955790029162,0.440085672515139,0.0013990801153319625
773,0.8987665,0.43724802,0.899350304942443,0.437228806233,0.0005841034469524118
774,-0.89484817,0.4429131,-0.896272111184597,0.443504568987407,0.0015419038662707056
775,0.89497536,0.44908178,0.896272111184597,0.443504568987407,0.005725977555101594
776,-0.89587647,0.4477889,-0.894581814739496,0.446904214275711,0.0015680508896886872
777,-0.8980041,0.45189807,-0.893120926293767,0.449816641550937,0.005308282693888043
778,0.8920809,0.44921854,0.893120926293767,0.449816641550937,0.0011997383676213018
779,0.89296687,0.4467205,0.894581814739495,0.446904214275711,0.0016253629853260217
780,-0.8905808,0.45224765,-0.89140487936458,0.453207834271451,0.0012653480330583817
781,0.8900118,0.4587667,0.89140487936458,0.453207834271451,0.005730766130498477
782,-0.89152396,0.4582781,-0.889682636694623,0.456579462924148,0.0025051535941408506
783,-0.89378303,0.46196702,-0.888153822920702,0.459546283666119,0.006127640268740126
784,0.88647896,0.45878005,0.888153822920703,0.459546283666119,0.0018418136948860854
785,0.88756686,0.45555332,0.889682636694623,0.456579462924148,0.0023514793431146947
786,-0.8865227,0.4625449,-0.886406109788144,0.46290842348163,0.00038177682438899534
787,0.88517225,0.46812847,0.886406109788144,0.46290842348163,0.005363891091500973
788,-0.8872631,0.47002205,-0.884652634022451,0.466250702001766,0.004586689192725864
789,-0.8896918,0.4728725,-0.883054383390156,0.469270663876862,0.007551747175326937
790,0.8821907,0.4690901,0.883054383390156,0.469270663876862,0.0008823510207010288
791,0.88491315,0.46563292,0.884652634022451,0.466250702001766,0.0006704676833868517
792,-0.8837769,0.47425893,-0.881275755714643,0.472602414709853,0.0029999632874468567
793,0.8807746,0.4738445,0.881275755714644,0.472602414709853,0.0013393698887665918
794,-0.8810784,0.48034513,-0.879491809075472,0.475914023505457,0.004706595931685995
795,-0.88334656,0.48065054,-0.877822654637596,0.478985789982338,0.005769307637996165
796,0.87682855,0.47816646,0.877822654637596,0.478985789982338,0.0012882319112227443
797,0.88253707,0.47750324,0.879491809075472,0.475914023505457,0.0034349970671698777
798,-0.88034046,0.48419005,-0.876013913445045,0.482285831691847,0.004727051294282473
799,0.8747032,0.4778785,0.876013913445045,0.482285831691847,0.00459808342661679
800,-0.8772787,0.4912098,-0.874200306782348,0.485565467904844,0.006429226806949321
801,-0.87478375,0.49045283,-0.872458830483389,0.488687619151086,0.002919113954740311
802,0.86353874,0.4891845,0.872458830483389,0.488687619151086,0.008933916652662756
803,0.8739977,0.48895448,0.874200306782348,0.485565467904844,0.0033950681114994358
804,-0.87328154,0.49688345,-0.870620825581142,0.491954650414457,0.005601113963250324
805,0.86735404,0.4931751,0.870620825581142,0.491954650414457,0.0034873183755780236
806,-0.8660238,0.49522668,-0.868778417738557,0.495201030765981,0.0027547582457350104
807,-0.86727804,0.50114024,-0.866963254694315,0.498372064836945,0.0027860125205908747
808,0.86748636,0.5016853,0.866963254694315,0.498372064836945,0.0033542965489809407
809,0.86803883,0.49801022,0.868778417738557,0.495201030765981,0.00290491292438604
810,-0.8656583,0.507396,-0.865096883913927,0.501604806039987,0.005818324225556743
811,-0.8682282,0.5070285,-0.863226580923886,0.504816669679655,0.005468861551098029
812,0.8627103,0.50606006,0.863226580923886,0.504816669679655,0.0013463201752368838
813,0.864034,0.5022855,0.865096883913927,0.501604806039987,0.0012621593347011597
814,-0.86524844,0.51006496,-0.861336423650842,0.508035004003048,0.004407335318802479
815,0.86032796,0.51212263,0.861336423650842,0.508035004003048,0.004210189531674444
816,-0.86194056,0.5155863,-0.859442631916018,0.511232200125606,0.005019759802368222
817,-0.8615489,0.5145745,-0.857496062491651,0.514490527426225,0.004053708526733745
818,0.8569773,0.5131996,0.857496062491651,0.514490527426225,0.0013912419090961207
819,0.8593369,0.5127711,0.859442631916018,0.511232200125606,0.0015425564881948687
820,-0.8582082,0.5180518,-0.855578988595571,0.517672284629746,0.0026564410313353985
821,0.85254085,0.51462454,0.855578988595571,0.517672284629746,0.004303377013804879
822,-0.85575056,0.5240911,-0.853658766814576,0.520832708113284,0.0038720639828059883
823,-0.8526027,0.52821857,-0.851634718172342,0.524135771345093,0.0041959803902164115
824,0.8503703,0.52790445,0.851634718172342,0.524135771345092,0.003975138923811011
825,0.85384244,0.52388227,0.853658766814576,0.520832708113284,0.0030550878347528126
826,-0.8519149,0.53053737,-0.849691757440059,0.5272797334797,0.003943914429805087
827,-0.85091025,0.53084576,-0.847608909684682,0.5306214622715,0.0033089475635465146
828,0.8448344,0.5331255,0.847608909684682,0.5306214622715,0.0037374159947690874
829,0.84991556,0.5259788,0.849691757440059,0.5272797334797,0.0013200408573156425
830,-0.85116994,0.5365206,-0.845643469645861,0.533748182428108,0.006182897188430663
831,0.84551287,0.53408194,0.845643469645861,0.533748182428108,0.0003583970232767426
832,-0.8475366,0.5414555,-0.84367569610929,0.536853164090988,0.006007355737848815
833,-0.8432234,0.54153293,-0.841513039431039,0.540236804066082,0.0021459872471042978
834,0.8373389,0.5385831,0.841513039431039,0.540236804066082,0.004489763232778744
835,0.84535635,0.5381061,0.84367569610929,0.536853164090988,0.0020962798621007844
836,-0.84072137,0.54618937,-0.839523399063304,0.543323533840746,0.003106144810201754
837,-0.837644,0.5483274,-0.837299628971417,0.546744301592918,0.0016201036221334952
838,0.8325624,0.5517428,0.837299628971417,0.546744301592918,0.006886680567502505
839,0.83955634,0.54288244,0.839523399063304,0.543323533840746,0.00044231941155109284
840,-0.839891,0.55071,-0.835288435823487,0.54981199421216,0.00468937132728858
841,0.83499587,0.55163467,0.835288435823487,0.54981199421216,0.0018460069598710722
842,-0.83135504,0.5582173,-0.83327574958519,0.552857599344749,0.005693452009951828
843,-0.83248407,0.55570436,-0.830970020725784,0.556317197878145,0.0016333740124063196
844,0.8304186,0.5539102,0.830970020725784,0.556317197878145,0.002469359901378619
845,0.8340273,0.5535816,0.83327574958519,0.552857599344749,0.0010435438805830191
846,-0.83024436,0.56048787,-0.828936463008263,0.559342775313448,0.0017383424000003273
847,-0.82688224,0.56442326,-0.826567398676895,0.562837752327001,0.0016164687970607787
848,0.8220643,0.5669324,0.826567398676895,0.562837752327001,0.0060863823934397794
849,0.8291548,0.5592073,0.828936463008263,0.559342775313448,0.0002569329063109367
850,-0.82800186,0.56626135,-0.824513338810758,0.565842517069136,0.0035135707963561795
851,0.8249223,0.5649028,0.824513338810759,0.565842517069136,0.0010248753219384331
852,-0.82179886,0.5745815,-0.822458647733364,0.568824905193686,0.005794285702009004
853,-0.8210071,0.57351714,-0.820005679081886,0.572355384593746,0.0015337776606632152
854,0.8180292,0.5688129,0.820005679081886,0.572355384593746,0.0040565404682905435
855,0.82391405,0.56911284,0.822458647733364,0.568824905193686,0.001483611720609581
856,-0.8219358,0.57698053,-0.817931234808675,0.575315995887788,0.004336704180492156
857,-0.81807345,0.5770078,-0.815412820860766,0.578879893912277,0.0032532754920048057
858,0.81015646,0.58070064,0.815412820860766,0.578879893912277,0.005562767549270297
859,0.81930655,0.5762658,0.817931234808675,0.575315995887787,0.001671421251577316
860,-0.81976336,0.5846759,-0.813319048355259,0.581817948831501,0.007049618055044176
861,0.81348133,0.58108795,0.813319048355259,0.581817948831501,0.0007478224703053944
862,-0.8176426,0.58603406,-0.811225522966966,0.584733401548922,0.006547592144438763
863,-0.8115905,0.5888188,-0.808621487353119,0.588329236219678,0.0030090952732483417
864,0.8080407,0.5873094,0.808621487353119,0.588329236219678,0.0011736114444593775
865,0.81396663,0.5871262,0.811225522966966,0.584733401548921,0.0036385629972945943
866,-0.80757993,0.5915126,-0.806509448394649,0.591221201962649,0.0011094437541770397
867,-0.80533206,0.5944797,-0.803837990030899,0.594848288039131,0.0015388732062095658
868,0.80673164,0.59629357,0.803837990030899,0.594848288039131,0.0032345097860453625
869,0.8101154,0.59043735,0.806509448394649,0.591221201962649,0.003690160553175364
870,-0.80451393,0.5952032,-0.801707917889748,0.597715998106864,0.0037666643978911223
871,-0.7977454,0.6025745,-0.798968035865604,0.601373492652494,0.001713857167520619
872,0.7969224,0.600752,0.798968035865604,0.601373492652494,0.0021379763023101255
873,0.80240697,0.59740627,0.801707917889748,0.597715998106864,0.0007645926266767008
874,-0.7990858,0.60591763,-0.796820436027259,0.604216180459716,0.0028331598219089307
875,0.79871595,0.59994185,0.796820436027259,0.604216180459716,0.00467577512526329
876,-0.79884857,0.61003226,-0.794674344785169,0.60703598389244,0.005138270535422684
877,-0.79522085,0.6117238,-0.791846550779848,0.6107200995694,0.0035204095944544357
878,0.7908901,0.6094347,0.791846550779848,0.6107200995694,0.0016021839408086203
879,0.7897106,0.6093435,0.794674344785169,0.60703598389244,0.005473911870759752
880,-0.7895495,0.61514133,-0.789683838999787,0.613514005074503,0.0016328602012045568
881,-0.78796494,0.61757416,-0.786785855470536,0.617226066876227,0.0012293925603358896
882,0.7896211,0.6166199,0.786785855470536,0.617226066876227,0.002899336403249939
883,0.7917781,0.6129201,0.789683838999787,0.613514005074503,0.0021768311881443375
884,-0.78834283,0.6191243,-0.784607083118939,0.619993326673433,0.003835498664848829
885,-0.78157926,0.6225392,-0.781637990713314,0.623732355641147,0.0011945781982060201
886,0.77827275,0.62428635,0.781637990713314,0.623732355641147,0.00341053841624761
887,0.7872028,0.6189312,0.784607083118939,0.619993326673433,0.0028046009583086026
888,-0.7785376,0.6262152,-0.779443742751133,0.626472227545728,0.0009419127346156825
889,0.7770323,0.6291556,0.779443742751133,0.626472227545728,0.0036076779830970934
890,-0.7696646,0.6246176,-0.777252283205364,0.629189071942646,0.008858426766224803
891,-0.77617615,0.6330033,-0.774193532703875,0.632948950484551,0.001983366558413671
892,0.77677244,0.6296059,0.774193532703875,0.632948950484551,0.00422218167615834
893,0.7757836,0.6337354,0.777252283205364,0.629189071942646,0.004777687763982426
894,-0.77424985,0.6399441,-0.771987590651842,0.635637601058625,0.004864520132726136
895,-0.770822,0.6397068,-0.76885621883068,0.63942170338939,0.0019863346516027884
896,0.7665716,0.64021534,0.76885621883068,0.63942170338939,0.0024185580626342874
897,0.7675625,0.6397029,0.771987590651842,0.635637601058625,0.006009004748668929
898,-0.76693773,0.6439059,-0.766636431482792,0.642081444929948,0.001849145395320727
899,-0.7679838,0.64282763,-0.763431619845201,0.645888660544937,0.00548563571543493
900,0.7654855,0.64181614,0.763431619845201,0.645888660544937,0.0045611354788388046
901,0.7669478,0.64144605,0.766636431482792,0.642081444929948,0.0007075843929761744
902,-0.76162267,0.650985,-0.761198648735757,0.648518787054667,0.002502400939823695
903,-0.7611886,0.6556347,-0.757919609095874,0.652347964009974,0.004635635351208163
904,0.7591926,0.65543854,0.757919609095874,0.652347964009973,0.003342475823944737
905,0.7607797,0.64681304,0.761198648735758,0.648518787054667,0.001756452624604431
906,-0.75688344,0.65500927,-0.755674139890523,0.654947779827307,0.0012108648026092884
907,-0.7521246,0.657465,-0.752320116294333,0.658797725116656,0.0013470079189288602
908,0.74914557,0.663734,0.752320116294333,0.658797725116656,0.005868965490439559
909,0.75673795,0.652498,0.755674139890523,0.654947779827307,0.0026707815967182327
910,-0.7519755,0.6594825,-0.750062858541656,0.661366546051673,0.0026847377292734437
911,-0.7483077,0.6639285,-0.74663312919069,0.665236026080156,0.0021245718246393993
912,0.7457519,0.66516864,0.74663312919069,0.665236026080156,0.0008837843438550123
913,0.7491782,0.6635367,0.750062858541656,0.661366546051673,0.0023435782417360893
914,-0.7449124,0.67052144,-0.74436481601645,0.667773180561182,0.002802276296379636
915,0.74496925,0.66707903,0.74436481601645,0.667773180561182,0.0009204248583810164
916,-0.7344912,0.6658257,-0.742101726297208,0.670287272612798,0.00882185235046419
917,-0.7422633,0.67596763,-0.738580082931429,0.674165751946065,0.00410036485486574
918,0.74078846,0.67199415,0.738580082931429,0.674165751946065,0.003097222090260877
919,0.7443348,0.6757781,0.742101726297208,0.670287272612798,0.005927544166044174
920,-0.7321034,0.68234164,-0.736307078934446,0.676647534179372,0.007077686151253454
921,-0.7347799,0.6821676,-0.732708790680521,0.680542304386353,0.002632683545942029
922,0.73384386,0.680665,0.732708790680521,0.680542304386353,0.0011416861989955588
923,0.73426276,0.6793362,0.736307078934446,0.676647534179372,0.0033775868634408368
924,-0.731866,0.6893974,-0.730426650579187,0.682991147910184,0.006565952340205075
925,-0.7283748,0.6883173,-0.726751132847968,0.686900859589064,0.002154652604607965
926,0.72738063,0.6864442,0.726751132847968,0.686900859589064,0.0007776811225595925
927,0.72930825,0.68281007,0.730426650579187,0.682991147910184,0.0011329674249595544
928,-0.7291102,0.69023484,-0.724460656552853,0.689316151781611,0.004739416478554301
929,-0.7216683,0.694507,-0.720707366539038,0.693239418827554,0.0015906502164952478
930,0.7212632,0.69172275,0.720707366539038,0.693239418827554,0.001615301852795582
931,0.7198131,0.69146085,0.724460656552854,0.68931615178161,0.005118537356284908
932,-0.7226339,0.69516027,-0.718409375139521,0.695620564468621,0.0042495254817526765
933,-0.7155932,0.7009506,-0.714577813621682,0.699555965080462,0.0017251426504437564
934,0.7172531,0.696854,0.714577813621682,0.699555965080462,0.0038023333175184445
935,0.7129718,0.6980399,0.718409375139521,0.695620564468621,0.005951494370062523
936,-0.7148436,0.701872,-0.712273148767078,0.701902387476657,0.002570602137292084
937,-0.70982903,0.70710427,-0.708362861872309,0.705848465267208,0.0019304638768142884
938,0.71139973,0.7030319,0.708362861872309,0.705848465267208,0.0041419374907650805
939,0.70660084,0.70569485,0.712273148767078,0.701902387476657,0.006823330265513993
940,-0.7076048,0.70805824,-0.706052385092366,0.708159607366433,0.0015557464290175851
941,-0.70394576,0.7126989,-0.702062966019024,0.712114872576449,0.001971283581069462
942,0.7049718,0.7094816,0.702062966019024,0.712114872576448,0.003923697149316814
943,0.7008258,0.71129227,0.706052385092366,0.708159607366433,0.0060934914530918465
944,-0.7019414,0.7135611,-0.699747557983864,0.714390198067987,0.002345248330785356
945,-0.69770396,0.717999,-0.695678648675798,0.718353128883431,0.0020560390203820064
946,0.6985728,0.71586436,0.695678648675798,0.718353128883431,0.0038170884864056663
947,0.69410837,0.7175367,0.699747557983865,0.714390198067987,0.006457621333547015
948,-0.6975676,0.71920776,-0.693359208395657,0.72059212327984,0.004430221328072686
949,-0.6909273,0.72348714,-0.68921050116127,0.724561167251621,0.0020250992778985174
950,0.690961,0.7228806,0.68921050116127,0.724561167251621,0.002426635058775287
951,0.6880567,0.7216239,0.693359208395657,0.72059212327984,0.005401951050073737
952,-0.69232976,0.72847784,-0.686887945126642,0.726763338948587,0.00570551448972903
953,-0.6832683,0.73039067,-0.682659184196109,0.730736914513495,0.0007006563310920862
954,0.68156105,0.73081684,0.68265918419611,0.730736914513495,0.0011010362519598316
955,0.68657,0.7274507,0.686887945126642,0.726763338948587,0.0007573642137243014
956,-0.68134737,0.73811626,-0.680334445459183,0.732901795823797,0.0053119392282956505
957,-0.6741891,0.73844945,-0.676025428473176,0.736878293924892,0.002416750144226987
958,0.67388844,0.73728675,0.676025428473176,0.736878293924892,0.002175668241602087
959,0.68169695,0.73641366,0.680334445459183,0.732901795823797,0.0037669080162795734
960,-0.6718653,0.741475,-0.673699455671712,0.739005442082559,0.0030761715871988277
961,-0.6678709,0.7420625,-0.669310035095026,0.742983227886804,0.0017084767851230469
962,-0.6665211,0.74439937,-0.664849396495628,0.7469774293641,0.003072604229512513
963,0.6671423,0.7447396,0.664849396495628,0.7469774293641,0.0032039341112211615
964,0.6670304,0.7432645,0.669310035095026,0.742983227886804,0.0022969273181432806
965,0.6718232,0.7431355,0.673699455671712,0.739005442082559,0.004536275836470925
966,-0.6618658,0.7501405,-0.662513875873718,0.749049640728026,0.001268853126995331
967,-0.6658896,0.7512457,-0.657972045185936,0.753042354555066,0.008118870108981241
968,0.6585901,0.75122696,0.657972045185936,0.753042354555066,0.0019177112743758323
969,0.66109085,0.7465958,0.662513875873718,0.749049640728025,0.0028366062418868528
970,-0.6583381,0.75615263,-0.65563789348825,0.755075461541619,0.002907157752674188
971,-0.65881395,0.7561212,-0.65101487533856,0.759064972244089,0.008336144579403033
972,0.6497962,0.76149786,0.65101487533856,0.759064972244089,0.0027210509989080444
973,0.6584794,0.7520824,0.655637893488251,0.755075461541619,0.004127043668840904
974,-0.6542436,0.76121914,-0.648683101495468,0.761058627067731,0.005562803320944467
975,-0.64681405,0.76453435,-0.643978960755056,0.765043200155938,0.0028803898224071946
976,0.6426903,0.76337284,0.643978960755056,0.765043200155938,0.0021096805886834523
977,0.6510301,0.75667685,0.648683101495468,0.761058627067731,0.004970760266072548
978,-0.64197075,0.7682417,-0.64165058419072,0.766997084614869,0.0012851399496242356
979,-0.64063203,0.7717149,-0.636865446975986,0.770974968755845,0.0038385816749595056
980,0.6385563,0.76845634,0.636865446975987,0.770974968755845,0.003033559126469412
981,0.63843226,0.77291244,0.64165058419072,0.766997084614869,0.006734169869170614
982,-0.63877606,0.7750509,-0.634541496315125,0.772888795011392,0.0047545944002852355
983,-0.63214505,0.7791586,-0.629675550875931,0.776858224278467,0.0033749229205647566
984,0.62652266,0.779302,0.629675550875931,0.776858224278467,0.003989080586657974
985,0.6329035,0.7703156,0.634541496315125,0.772888795011392,0.003050307418106222
986,-0.626141,0.7803239,-0.627357062606853,0.778731735578627,0.002003456860386196
987,-0.62201023,0.7826812,-0.622410560097136,0.782690931772925,0.00040044669982430267
988,-0.6245742,0.78285384,-0.617388338321918,0.786658528018416,0.008130929926712743
989,0.616905,0.78743,0.617388338321918,0.786658528018416,0.00091038023893662
990,0.62364465,0.77988094,0.622410560097136,0.782690931772925,0.003069043250170427
991,0.62227446,0.7872465,0.627357062606853,0.778731735578627,0.009916375811106343
992,-0.61703587,0.79210335,-0.615071832320193,0.788471078154602,0.004129264751156655
993,-0.61499965,0.7907268,-0.609968954580391,0.792425311589745,0.005309700758420267
994,0.6123025,0.7905251,0.609968954580391,0.792425311589745,0.003009357999982552
995,0.61381876,0.78536755,0.615071832320193,0.788471078154602,0.0033469501078019145
996,-0.60947967,0.79569614,-0.607660794370779,0.794196675254105,0.0023572623206989394
997,-0.60903484,0.7996072,-0.602477689071965,0.798135724153796,0.006720228551391634
998,0.60460865,0.797582,0.602477689071965,0.798135724153796,0.0022017398984667032
999,0.6064212,0.7972086,0.607660794370779,0.794196675254105,0.003257053287143144
1000,-0.60178775,0.80325216,-0.600178941162188,0.799865762853639,0.0037491255254964045
1001,-0.59665644,0.80316544,-0.594916102444469,0.803787802253979,0.0018482750603377907
1002,-0.5939399,0.80646306,-0.589575623129287,0.807713182145564,0.004539792346633506
1003,0.5886315,0.81174713,0.589575623129287,0.807713182145564,0.004142959523615462
1004,0.5955537,0.80208,0.59491610244447,0.803787802253979,0.0018229639610621601
1005,0.60146856,0.80286056,0.600178941162188,0.799865762853639,0.0032606629474286664
1006,-0.5892603,0.81063145,-0.587285822374608,0.80937961602562,0.0023378583636080863
1007,-0.5848195,0.8127267,-0.581865942978817,0.813284713001156,0.0030058074328298055
1008,0.5839071,0.8116305,0.581865942978817,0.813284713001156,0.002627336286366451
1009,0.5849833,0.8064689,0.587285822374608,0.80937961602562,0.0037113209530683098
1010,-0.58282995,0.8151421,-0.579588542040578,0.814909272210887,0.003249761002505791
1011,-0.57852334,0.8171703,-0.574089943281618,0.818792242893708,0.004720764227863244
1012,0.57355195,0.82175726,0.574089943281618,0.818792242893708,0.0030134269986682775
1013,0.57893914,0.8125251,0.579588542040578,0.814909272210887,0.0024710384609057416
1014,-0.5686564,0.8226861,-0.571826018431666,0.820374917123011,0.003922758283938602
1015,-0.56967443,0.8232518,-0.566249447740561,0.824233924886321,0.0035630212038423766
1016,-0.5645869,0.82757723,-0.560594017350567,0.828090784703436,0.004025750834365045
1017,0.56039107,0.82705957,0.560594017350567,0.828090784703436,0.0010509986950284216
1018,0.56697106,0.8215341,0.566249447740561,0.824233924886321,0.002794601766484686
1019,0.56864536,0.8204476,0.571826018431666,0.820374917123011,0.0031814912364311657
1020,-0.55983704,0.83188343,-0.558346341632134,0.829607957282241,0.0027202885319456385
1021,-0.5590166,0.83143973,-0.552613733942406,0.83343749679159,0.006707276965837134
1022,0.5526408,0.8350333,0.552613733942406,0.83343749679159,0.001596030188875163
1023,0.5570684,0.8285915,0.558346341632135,0.82960795728224,0.0016328652767587492
1024,-0.54885775,0.83654845,-0.550382569647781,0.834912586459148,0.002236318673258466
1025,-0.547291,0.8376435,-0.544573722790486,0.838712978584516,0.0029201484137240845
1026,-0.54232615,0.8402562,-0.538685438744305,0.842506972128335,0.004280269487783134
1027,0.5378699,0.84160686,0.538685438744306,0.842506972128335,0.0012146445710418579
1028,0.5455924,0.8359404,0.544573722790486,0.838712978584516,0.0029537834057206634
1029,0.55038667,0.8338384,0.550382569647782,0.834912586459148,0.0010741910495808615
1030,-0.53827965,0.845113,-0.536476051280178,0.843915544591298,0.0021649082785933625
1031,-0.53527886,0.84430784,-0.530512675313148,0.847677002951057,0.0058367581236261
1032,-0.52935624,0.8489281,-0.52446947986651,0.851429248198905,0.0054896456499799115
1033,0.5234386,0.8491952,0.52446947986651,0.851429248198905,0.0024604510853188802
1034,0.5298459,0.8488211,0.530512675313148,0.847677002951057,0.001324222177398467
1035,0.5341634,0.8415609,0.536476051280178,0.843915544591298,0.0033003991762334396
1036,-0.5268964,0.85092616,-0.522285501563333,0.85277069300999,0.004966169700285872
1037,-0.51825464,0.8555956,-0.516168595121564,0.856487000140826,0.0022685211262399997
1038,0.5128564,0.8527545,0.516168595121564,0.856487000140826,0.004990213646181795
1039,0.5203231,0.8519143,0.522285501563333,0.85277069300999,0.0021411354034505006
1040,-0.51274496,0.85968435,-0.514006153118001,0.857786497070707,0.0022786923093817764
1041,-0.508415,0.866547,-0.507816790115871,0.861465093707466,0.005116980572164911
1042,-0.5054061,0.8641182,-0.501547776008049,0.865129948840855,0.003988749311706251
1043,0.49912703,0.8653784,0.501547776008049,0.865129948840855,0.002433459961399078
1044,0.51239866,0.85435486,0.507816790115871,0.861465093707466,0.008458662983082918
1045,0.5146848,0.8602157,0.514006153118001,0.857786497070707,0.002522240616830329
1046,-0.4998611,0.8677816,-0.49941640923043,0.86636207799706,0.0014875236842412497
1047,-0.49941447,0.8682461,-0.49307668187685,0.869985853786897,0.006572246509857107
1048,-0.4899026,0.8730157,-0.486657419097546,0.873592900862476,0.0032960985058515173
1049,0.48618767,0.87239844,0.486657419097546,0.873592900862476,0.0012835160689889027
1050,0.4928837,0.8692939,0.49307668187685,0.869985853786897,0.0007183303173545067
1051,0.49637625,0.8646399,0.49941640923043,0.86636207799706,0.003494075422270542
1052,-0.48439905,0.8777258,-0.484560837258368,0.874757563554308,0.002972622393226061
1053,-0.47699046,0.87807775,-0.478072842892854,0.878320190413692,0.0011092021329958098
1054,-0.47376132,0.876485,-0.471505635944606,0.881863047911904,0.005831947932418035
1055,0.4680193,0.8767569,0.471505635944606,0.881863047911903,0.006182812620900331
1056,0.47967577,0.8776929,0.478072842892855,0.878320190413692,0.0017213062609364638
1057,0.48387092,0.8718927,0.484560837258368,0.874757563554308,0.0029467741135555683
1058,-0.46859935,0.88199615,-0.469447558459054,0.882960355767366,0.0012841893859138857
1059,-0.46171933,0.8843954,-0.462813839593966,0.886455497969464,0.002332779712979736
1060,0.46226287,0.88503414,0.462813839593966,0.886455497969464,0.0015244067852208242
1061,0.46578103,0.883671,0.469447558459054,0.882960355767366,0.003734756157305027
1062,-0.46073687,0.88906765,-0.46078413643686,0.887512241948322,0.0015561258809095378
1063,-0.45301333,0.8925861,-0.454085582348757,0.890958070788401,0.001949420904300414
1064,-0.44639972,0.89231336,-0.447309131200223,0.894379416771709,0.002257347375891884
1065,0.4454568,0.89361584,0.447309131200223,0.894379416771709,0.0020035386127774404
1066,0.4499435,0.892652,0.454085582348757,0.890958070788401,0.004475047838734047
1067,0.46056253,0.8900374,0.460784136436861,0.887512241948322,0.002534881019737208
1068,-0.44563606,0.8969758,-0.445323513321534,0.895369738422606,0.0016362062016291525
1069,-0.43781987,0.9011481,-0.438484795215628,0.898738607362958,0.0024995379846021125
1070,-0.43050802,0.8999533,-0.431569054982397,0.902079902659183,0.0023765973555697154
1071,0.42965654,0.90104014,0.431569054982397,0.902079902659183,0.002176888654753067
1072,0.43590853,0.8995908,0.438484795215628,0.898738607362958,0.0027135544665223017
1073,0.44635552,0.8996783,0.445323513321534,0.895369738422606,0.004430424020271605
1074,-0.42808017,0.90475744,-0.429631154021011,0.903004469255039,0.0023406097506795745
1075,-0.41856638,0.9079238,-0.422655941475959,0.90629021573394,0.004403771246379429
1076,-0.41692692,0.90799046,-0.415604804194366,0.909545296689815,0.0020409610548428976
1077,-0.40944117,0.91213244,-0.408477930571226,0.91276819633259,0.0011541315777528537
1078,0.40683848,0.9113494,0.408477930571226,0.912768196332589,0.0021681207053451087
1079,0.414197,0.90679854,0.415604804194366,0.909545296689814,0.0030865162298177743
1080,0.42082983,0.9056762,0.422655941475959,0.90629021573394,0.0019265788863797562
1081,0.43067414,0.9016157,0.429631154021012,0.903004469255039,0.0017368213467037759
1082,-0.40785402,0.9158813,-0.406610597750465,0.913601566218562,0.0025967629185338703
1083,-0.40586212,0.9161271,-0.399428398597359,0.916764394156944,0.0064652122061207955
1084,-0.3974855,0.9198989,-0.392171893681415,0.919891953332745,0.005313605508692802
1085,0.39012733,0.9154248,0.392171893681415,0.919891953332745,0.004912787711033296
1086,0.40094608,0.91516906,0.399428398597359,0.916764394156944,0.0022019194480644533
1087,0.4064781,0.91037923,0.406610597750465,0.913601566218562,0.003225057863080671
1088,-0.38979882,0.9246603,-0.390361139642771,0.9206618166606,0.004037854963030722
1089,-0.37987563,0.926012,-0.383052647607045,0.923726512102599,0.003913668556979616
1090,-0.37667692,0.9278004,-0.375671505339818,0.926752890513817,0.0014519519229157145
1091,0.3740387,0.92456037,0.375671505339818,0.926752890513817,0.002733719097136358
1092,0.3831205,0.9215373,0.383052647607046,0.923726512102599,0.0021902834826584647
1093,0.39056176,0.91724473,0.390361139642771,0.9206618166606,0.0034229684919895027
1094,-0.36790755,0.9295699,-0.373920701313996,0.927460677942116,0.006372343331018286
1095,-0.3638968,0.93154633,-0.366491106210302,0.930421554494923,0.002827651367138264
1096,-0.36297217,0.9326966,-0.358990738445888,0.933341121835996,0.004033265571110005
1097,-0.35293394,0.9386116,-0.35142017228539,0.93621784992111,0.0028322551981030354
1098,0.34970474,0.9327208,0.35142017228539,0.93621784992111,0.003895150190957135
1099,0.35828984,0.93111455,0.358990738445889,0.933341121835996,0.0023342802289057223
1100,0.36684653,0.9267481,0.366491106210303,0.930421554494923,0.003690612092208947
1101,0.37544653,0.9326897,0.373920701313996,0.927460677942116,0.005447118041222537
1102,-0.34824827,0.93704087,-0.349758023916909,0.936840074241991,0.001523044491629034
1103,-0.33950073,0.93985325,-0.342144241989658,0.939647443285684,0.002651516067821196
1104,-0.3372572,0.9442973,-0.334462468497306,0.942409071033746,0.003372835676070556
1105,-0.3262482,0.9461444,-0.326713445265266,0.945123444150498,0.0011219667143124682
1106,0.32392523,0.94016004,0.326713445265266,0.945123444150498,0.005692941340588038
1107,0.33608252,0.94106394,0.334462468497307,0.942409071033746,0.002105691526076484
1108,0.34139037,0.9382674,0.342144241989659,0.939647443285684,0.0015725181716340624
1109,0.35163322,0.9325554,0.349758023916909,0.936840074241991,0.004677070672985445
1110,-0.32133725,0.9466056,-0.325147279887279,0.945663389574696,0.003924806922095065
1111,-0.3187783,0.9499538,-0.317360697161468,0.948304902390147,0.0021745023885694414
1112,-0.31397808,0.94322,-0.309509391300451,0.950896385889033,0.008882327744607831
1113,-0.25571465,0.95411134,-0.301594270788989,0.953436361708142,0.045884580684537934
1114,0.2428742,0.9688221,0.301594270788989,0.953436361708142,0.060702287610328295
1115,0.3133327,0.9463014,0.309509391300451,0.950896385889033,0.005977593981547544
1116,0.31649426,0.95887345,0.317360697161469,0.948304902390147,0.010604005582896632
1117,0.31301412,0.95371175,0.325147279887279,0.945663389574696,0.01455986426747037
1118,-0.10298354,-0.9902359,-0.10242438816504,-0.994740792723922,0.004539437024396107
1119,-0.08747012,-0.9971103,-0.0888839183176001,-0.996041991617075,0.0017720381338992921
1120,-0.074402556,-0.99494725,-0.0752939923797149,-0.997161378469666,0.002386839623556714
1121,-0.0619367,-0.9956633,-0.0616619833763628,-0.998097089368611,0.002449259287001471
1122,-0.04856228,-0.9983424,-0.0479953809722034,-0.998847557640971,0.0007593187208234876
1123,-0.035417154,-0.9997964,-0.0343017713161511,-0.999411521088573,0.0011799169391330825
1124,-0.021825565,-1.0005028,-0.0205888162618745,-0.999788027856373,0.0014284544621349104
1125,-0.008112693,-1.000153,-0.0068642320951613,-0.999976440881356,0.0012608762948437256
1126,0.005626238,-0.9998264,0.0068642320951613,-0.999976440881356,0.0012470566421383875
1127,0.019391857,-0.99975425,0.0205888162618747,-0.999788027856373,0.0011974356788914692
1128,0.033187293,-0.99993634,0.0343017713161513,-0.999411521088573,0.001231868595185725
1129,0.04750897,-0.99988806,0.0479953809722037,-0.998847557640971,0.0011485843644608177
1130,0.06210631,-0.99864674,0.0616619833763628,-0.998097089368611,0.0007067806600577031
1131,0.075700186,-0.9992899,0.0752939923797149,-0.997161378469666,0.0021669034876055458
1132,0.08634158,-0.99535745,0.0888839183176003,-0.996041991617075,0.002632881449971469
1133,0.10271189,-0.991281,0.10242438816504,-0.994740792723922,0.0034717448352232076
1134,-0.18131645,-0.9828915,-0.183250306828996,-0.983066287209097,0.0019417393963801894
1135,-0.168556,-0.9825088,-0.170084106589455,-0.985429549326418,0.0032963611744570337
1136,-0.15551554,-0.98543936,-0.1568261893429,-0.987626217926694,0.002549540627492782
1137,-0.14291595,-0.9896212,-0.143482948056596,-0.989652789425154,0.0005678769018611462
1138,-0.12964374,-0.9915719,-0.130060999881895,-0.991505994086633,0.00042243492746112566
1139,-0.1187795,-0.99648374,-0.116567171673636,-0.993182810205658,0.003973734719993498
1140,-0.10375408,-0.9936355,-0.103008484245697,-0.994680477426497,0.001283722326923049
1141,0.10054465,-0.99750113,0.103008484245697,-0.994680477426497,0.0037452110013036347
1142,0.1180876,-0.9952899,0.116567171673636,-0.993182810205658,0.002598386587800995
1143,0.12922391,-0.99339867,0.130060999881895,-0.991505994086633,0.0020695223944978995
1144,0.14362934,-0.9893444,0.143482948056596,-0.989652789425154,0.00034135639054760317
1145,0.15562913,-0.98631394,0.1568261893429,-0.987626217926694,0.0017762407130742085
1146,0.17100216,-0.9860886,0.170084106589455,-0.985429549326418,0.0011301078389453342
1147,0.18296567,-0.9809039,0.183250306828996,-0.983066287209097,0.002181017453047381
1148,-0.24606362,-0.9689395,-0.248845203814809,-0.968543269316537,0.0028096609681756836
1149,-0.23588854,-0.9700962,-0.23616450262895,-0.971713089187349,0.0016402986624984538
1150,-0.2245188,-0.9749554,-0.223361992512597,-0.974735564294646,0.0011775125376620621
1151,-0.2102416,-0.9770808,-0.210442837183153,-0.977606164198193,0.0005625659854520091
1152,-0.19497615,-0.9829869,-0.197412483477774,-0.98032051461098,0.0036118514912356105
1153,-0.18298435,-0.9811842,-0.184276653736239,-0.98287441460635,0.0021276562522376465
